MSRB_REC_ID,MSRB_ID,FIRM_NAME,STATE,REGISTRANT_TYPE,DATA_HASH,EFCT_TS,EXPR_TS,CRT_TS,UPD_TS,CREATE_USERID
54,A0024,Allen & Company LLC,NY,Broker Dealer,c6292f84e7a275ee374f4b0e4d5bf1ab,2026-03-26 23:56:23.433372,9999-12-31 00:00:00,2026-03-26 23:56:23.433372,2026-03-26 23:56:23.433372,u8537748
889,A0028,"ME Allison & Co., Inc.",TX,Broker Dealer/Municipal Advisor,1ae93f1510eec6b32d0bdb6087c79dda,2026-03-26 23:56:23.433372,9999-12-31 00:00:00,2026-03-26 23:56:23.433372,2026-03-26 23:56:23.433372,u8537748
391,A0036,American Investors Company,CA,Broker Dealer,40a347a87c06211884b4885168de8134,2026-03-26 23:56:23.433372,9999-12-31 00:00:00,2026-03-26 23:56:23.433372,2026-03-26 23:56:23.433372,u8537748
88,A0039,Amuni Financial Inc.,FL,Broker Dealer,a4adae4159e11eef92591630676aaf9d,2026-03-26 23:56:23.433372,9999-12-31 00:00:00,2026-03-26 23:56:23.433372,2026-03-26 23:56:23.433372,u8537748
159,A0069,"Ausdal Financial Partners, Inc.",IA,Broker Dealer,1736263f5868dd8ba482a1adb7314896,2026-03-26 23:56:23.433372,9999-12-31 00:00:00,2026-03-26 23:56:23.433372,2026-03-26 23:56:23.433372,u8537748
629,A0079,"Robert W Baird & Co., Inc.",WI,Broker Dealer/Municipal Advisor,80533ac7b83c2186a8fc1be811e0a852,2026-03-26 23:56:23.433372,9999-12-31 00:00:00,2026-03-26 23:56:23.433372,2026-03-26 23:56:23.433372,u8537748
883,A0081,The Baker Group LP,OK,Broker Dealer/Municipal Advisor,37896673e6c20108c83ce4cf7bd65548,2026-03-26 23:56:23.433372,9999-12-31 00:00:00,2026-03-26 23:56:23.433372,2026-03-26 23:56:23.433372,u8537748
253,A0085,"BCG Securities, Inc.",NJ,Broker Dealer,aaeaa08f4160dd25649f35433abe2768,2026-03-26 23:56:23.433372,9999-12-31 00:00:00,2026-03-26 23:56:23.433372,2026-03-26 23:56:23.433372,u8537748
913,A0097,Barrett & Company,RI,Broker Dealer,416662d00f4d9dcc1f9186cf58eae7c7,2026-03-26 23:56:23.433372,9999-12-31 00:00:00,2026-03-26 23:56:23.433372,2026-03-26 23:56:23.433372,u8537748
642,A0105,J.P. Morgan Securities LLC,NY,Broker Dealer,02babff0d7e12b1a0349537c184a2a13,2026-03-26 23:56:23.433372,9999-12-31 00:00:00,2026-03-26 23:56:23.433372,2026-03-26 23:56:23.433372,u8537748
754,A0117,Intercoastal Capital Markets Inc.,FL,Broker Dealer,a091f8f263fd2be5a7187876e94985e2,2026-03-26 23:56:23.433372,9999-12-31 00:00:00,2026-03-26 23:56:23.433372,2026-03-26 23:56:23.433372,u8537748
294,A0118,"Benjamin Securities, Inc.",FL,Broker Dealer,4ed660ab63abe7a2ccde68bb6203e530,2026-03-26 23:56:23.433372,9999-12-31 00:00:00,2026-03-26 23:56:23.433372,2026-03-26 23:56:23.433372,u8537748
530,A0125,"Sanford C Bernstein & Co.,LLC",TN,Broker Dealer,ca1d987e3061ac2487ebc332dd910869,2026-03-26 23:56:23.433372,9999-12-31 00:00:00,2026-03-26 23:56:23.433372,2026-03-26 23:56:23.433372,u8537748
397,A0136,James I Black & Company,FL,Broker Dealer,8054998fbc1149ce52b9adfa1fb4dbda,2026-03-26 23:56:23.433372,9999-12-31 00:00:00,2026-03-26 23:56:23.433372,2026-03-26 23:56:23.433372,u8537748
741,A0137,"Prospera Financial Services, Inc.",TX,Broker Dealer,f504111a06bb7c6775377403edd8cdbc,2026-03-26 23:56:23.433372,9999-12-31 00:00:00,2026-03-26 23:56:23.433372,2026-03-26 23:56:23.433372,u8537748
392,A0147,"William Blair & Company, L.L.C.",IL,Broker Dealer,6e494a6a2ca97e8ed863fe05016fb748,2026-03-26 23:56:23.433372,9999-12-31 00:00:00,2026-03-26 23:56:23.433372,2026-03-26 23:56:23.433372,u8537748
891,A0149,"Steward Partners Investment Solutions, LLC",OR,Broker Dealer,b8fabed64425243b8d3b66a898d1555e,2026-03-26 23:56:23.433372,9999-12-31 00:00:00,2026-03-26 23:56:23.433372,2026-03-26 23:56:23.433372,u8537748
677,A0166,Alliant Securities Inc.,WA,Broker Dealer,40630a34be893257570808b2ebd7b3e0,2026-03-26 23:56:23.433372,9999-12-31 00:00:00,2026-03-26 23:56:23.433372,2026-03-26 23:56:23.433372,u8537748
281,A0174,Brighton Securities Corp.,NY,Broker Dealer,f6c786d0d1c35ca9d7e47595808e5cdb,2026-03-26 23:56:23.433372,9999-12-31 00:00:00,2026-03-26 23:56:23.433372,2026-03-26 23:56:23.433372,u8537748
313,A0193,"Smith, Brown and Groover, Inc.",GA,Broker Dealer,f2eafe2d9195741cf0b90d2973bc2be9,2026-03-26 23:56:23.433372,9999-12-31 00:00:00,2026-03-26 23:56:23.433372,2026-03-26 23:56:23.433372,u8537748
504,A0196,"Brown, Lisle/Cummings, Inc.",RI,Broker Dealer,f6610862c660e020fa36052864f89b48,2026-03-26 23:56:23.433372,9999-12-31 00:00:00,2026-03-26 23:56:23.433372,2026-03-26 23:56:23.433372,u8537748
651,A0198,Buell Securities Corp.,CT,Broker Dealer,d16dfa041213b7aac91e8be1c37750da,2026-03-26 23:56:23.433372,9999-12-31 00:00:00,2026-03-26 23:56:23.433372,2026-03-26 23:56:23.433372,u8537748
734,A0215,Jack V Butterfield Invest.,MI,Broker Dealer,bc1b75ca44bc4385c3e29dfe718762c3,2026-03-26 23:56:23.433372,9999-12-31 00:00:00,2026-03-26 23:56:23.433372,2026-03-26 23:56:23.433372,u8537748
22,A0231,"Capital Management Securities,",MN,Broker Dealer,34bb7f370166caea2fa21f92c0d232e1,2026-03-26 23:56:23.433372,9999-12-31 00:00:00,2026-03-26 23:56:23.433372,2026-03-26 23:56:23.433372,u8537748
415,A0232,"Cape Securities, Inc.",GA,Broker Dealer,eaf4fa683a3b706ec7c3533f08a45d2c,2026-03-26 23:56:23.433372,9999-12-31 00:00:00,2026-03-26 23:56:23.433372,2026-03-26 23:56:23.433372,u8537748
867,A0236,"Capital Institutional Services, Inc.",TX,Broker Dealer,c4fe2be7557d51cd17a99484c6bf184d,2026-03-26 23:56:23.433372,9999-12-31 00:00:00,2026-03-26 23:56:23.433372,2026-03-26 23:56:23.433372,u8537748
802,A0251,"Carty, Harding & Hearn, Inc.",TN,Broker Dealer/Municipal Advisor,cfcc0f8645fe838e0c1002bed5309955,2026-03-26 23:56:23.433372,9999-12-31 00:00:00,2026-03-26 23:56:23.433372,2026-03-26 23:56:23.433372,u8537748
872,A0255,"Centennial Securities Co., Inc",MI,Broker Dealer,b85dd28a7d742d33460c3cc3d9760b02,2026-03-26 23:56:23.433372,9999-12-31 00:00:00,2026-03-26 23:56:23.433372,2026-03-26 23:56:23.433372,u8537748
422,A0277,Associated Investment Services,WI,Broker Dealer,85bf2e04bb4c5b27a9f160bd1d8e9929,2026-03-26 23:56:23.433372,9999-12-31 00:00:00,2026-03-26 23:56:23.433372,2026-03-26 23:56:23.433372,u8537748
590,A0296,"Colonial Securities, Inc.",NY,Broker Dealer,d6094b1647cc10fbea461f50bbbce3ac,2026-03-26 23:56:23.433372,9999-12-31 00:00:00,2026-03-26 23:56:23.433372,2026-03-26 23:56:23.433372,u8537748
61,A0304,"Conners & Co., Inc.",OH,Broker Dealer,0897c8daaadedb2c9af6ac6e260e7862,2026-03-26 23:56:23.433372,9999-12-31 00:00:00,2026-03-26 23:56:23.433372,2026-03-26 23:56:23.433372,u8537748
478,A0333,"Crews & Associates, Inc.",AR,Broker Dealer/Municipal Advisor,b3d16b0fe84c8ac704a49e8726a1c916,2026-03-26 23:56:23.433372,9999-12-31 00:00:00,2026-03-26 23:56:23.433372,2026-03-26 23:56:23.433372,u8537748
282,A0360,"Darwood Associates, Inc.",NJ,Broker Dealer,d69ae267fb02923e3a3a65778835076d,2026-03-26 23:56:23.433372,9999-12-31 00:00:00,2026-03-26 23:56:23.433372,2026-03-26 23:56:23.433372,u8537748
35,A0364,Davenport & Company LLC,VA,Broker Dealer/Municipal Advisor,e56ec0934140f92658f1cb7f1f984c07,2026-03-26 23:56:23.433372,9999-12-31 00:00:00,2026-03-26 23:56:23.433372,2026-03-26 23:56:23.433372,u8537748
881,A0365,D.A. Davidson & Co.,MT,Broker Dealer/Municipal Advisor,10cc3c198f0442705dfddb92f51066e7,2026-03-26 23:56:23.433372,9999-12-31 00:00:00,2026-03-26 23:56:23.433372,2026-03-26 23:56:23.433372,u8537748
14,A0377,HC Denison Company,WI,Broker Dealer,c4a6e00a6bc33e8f8fae10493f89e6db,2026-03-26 23:56:23.433372,9999-12-31 00:00:00,2026-03-26 23:56:23.433372,2026-03-26 23:56:23.433372,u8537748
57,A0399,Pershing LLC,NJ,Broker Dealer,683a54f1a2b3fc14f4b1791caa3d9e18,2026-03-26 23:56:23.433372,9999-12-31 00:00:00,2026-03-26 23:56:23.433372,2026-03-26 23:56:23.433372,u8537748
701,A0400,"Dorn & Co., Inc.",MN,Broker Dealer,b89f0b1c49c25f8d8ed6686e1fa3daaa,2026-03-26 23:56:23.433372,9999-12-31 00:00:00,2026-03-26 23:56:23.433372,2026-03-26 23:56:23.433372,u8537748
151,A0438,"Truist Securities, Inc.",GA,Broker Dealer,d7844527e27515b54d8b4094794d97e5,2026-03-26 23:56:23.433372,9999-12-31 00:00:00,2026-03-26 23:56:23.433372,2026-03-26 23:56:23.433372,u8537748
404,A0455,Oppenheimer & Co. Inc.,NY,Broker Dealer,d8ba4c1736d9423a26829ee3b8ab45ce,2026-03-26 23:56:23.433372,9999-12-31 00:00:00,2026-03-26 23:56:23.433372,2026-03-26 23:56:23.433372,u8537748
583,A0463,Fidelity Brokerage Services LLC,RI,Broker Dealer,cf4795da861cd8f375d130b5072e1508,2026-03-26 23:56:23.433372,9999-12-31 00:00:00,2026-03-26 23:56:23.433372,2026-03-26 23:56:23.433372,u8537748
605,A0487,First Kentucky Securities Corporation.,KY,Broker Dealer/Municipal Advisor,413e923c0dd71100c28869b01fb5fa2a,2026-03-26 23:56:23.433372,9999-12-31 00:00:00,2026-03-26 23:56:23.433372,2026-03-26 23:56:23.433372,u8537748
498,A0488,First Manhattan Securities LLC,NY,Broker Dealer,4a6f99d6fd4cd85297c1373152ed9404,2026-03-26 23:56:23.433372,9999-12-31 00:00:00,2026-03-26 23:56:23.433372,2026-03-26 23:56:23.433372,u8537748
832,A0489,"FMSbonds, Inc.",FL,Broker Dealer,8e3772554fe6f06f8e10427babef0731,2026-03-26 23:56:23.433372,9999-12-31 00:00:00,2026-03-26 23:56:23.433372,2026-03-26 23:56:23.433372,u8537748
83,A0516,Folger Nolan Fleming Douglas,DC,Broker Dealer,d156fc27233f062716d3c7595bb7a9c5,2026-03-26 23:56:23.433372,9999-12-31 00:00:00,2026-03-26 23:56:23.433372,2026-03-26 23:56:23.433372,u8537748
290,A0529,"The Frazer Lanier Company, Incorporated",AL,Broker Dealer,ba30ccfe15fdf20033ff6e4492e54850,2026-03-26 23:56:23.433372,9999-12-31 00:00:00,2026-03-26 23:56:23.433372,2026-03-26 23:56:23.433372,u8537748
752,A0538,TD Prime Services LLC,NY,Broker Dealer,18b846660495119ef8dff8d773ab2f88,2026-03-26 23:56:23.433372,9999-12-31 00:00:00,2026-03-26 23:56:23.433372,2026-03-26 23:56:23.433372,u8537748
102,A0563,HSBC Securities (USA) Inc.,NY,Broker Dealer,fea7b7f348db604266517e8c863bb471,2026-03-26 23:56:23.433372,9999-12-31 00:00:00,2026-03-26 23:56:23.433372,2026-03-26 23:56:23.433372,u8537748
728,A0576,Goldman Sachs & Co. LLC,NY,Broker Dealer/Municipal Advisor,dba67e9bd7fcfdd759f69bb647a69ff6,2026-03-26 23:56:23.433372,9999-12-31 00:00:00,2026-03-26 23:56:23.433372,2026-03-26 23:56:23.433372,u8537748
869,A0606,"Independent Financial Group, LLC",CA,Broker Dealer,77eac478325e849ad6de89191f21a606,2026-03-26 23:56:23.433372,9999-12-31 00:00:00,2026-03-26 23:56:23.433372,2026-03-26 23:56:23.433372,u8537748
50,A0626,"Hartfield,Titus & Donnelly LLC",NJ,Broker Dealer,683899864ad378afa1f7b2699227fb2c,2026-03-26 23:56:23.433372,9999-12-31 00:00:00,2026-03-26 23:56:23.433372,2026-03-26 23:56:23.433372,u8537748
634,A0631,"Hazard & Siegel, Inc.",NY,Broker Dealer,e35e0dd02bfe72e8fdef374c86fa87dd,2026-03-26 23:56:23.433372,9999-12-31 00:00:00,2026-03-26 23:56:23.433372,2026-03-26 23:56:23.433372,u8537748
258,A0632,"Hazlett, Burt & Watson, Inc.",WV,Broker Dealer,65c9d206de028c0ef7a5f24aa43dfcb5,2026-03-26 23:56:23.433372,9999-12-31 00:00:00,2026-03-26 23:56:23.433372,2026-03-26 23:56:23.433372,u8537748
608,A0643,"Carl M Hennig, Inc.",WI,Broker Dealer,3c3d6882ea4e07e3380a40b43851b568,2026-03-26 23:56:23.433372,9999-12-31 00:00:00,2026-03-26 23:56:23.433372,2026-03-26 23:56:23.433372,u8537748
484,A0654,"Northern Trust Securities, Inc.",IL,Broker Dealer,6b20c41ae752cf0e67ca5c4d51a24c73,2026-03-26 23:56:23.433372,9999-12-31 00:00:00,2026-03-26 23:56:23.433372,2026-03-26 23:56:23.433372,u8537748
509,A0682,"Insight Securities, Inc.",IL,Broker Dealer,0d06a51d5a7b127de6dfed708d78f4fd,2026-03-26 23:56:23.433372,9999-12-31 00:00:00,2026-03-26 23:56:23.433372,2026-03-26 23:56:23.433372,u8537748
98,A0692,"Wintrust Investments, LLC",IL,Broker Dealer,96d86b54b8d79803fe4599cfb05a0306,2026-03-26 23:56:23.433372,9999-12-31 00:00:00,2026-03-26 23:56:23.433372,2026-03-26 23:56:23.433372,u8537748
718,A0693,"Huntington Securities, Inc",OH,Broker Dealer/Municipal Advisor,f54b574dc28351c5f6db0d7deddb6644,2026-03-26 23:56:23.433372,9999-12-31 00:00:00,2026-03-26 23:56:23.433372,2026-03-26 23:56:23.433372,u8537748
726,A0695,"First Honolulu Securities, Inc",HI,Broker Dealer,2c13a520743d3994490b80286a1fbb65,2026-03-26 23:56:23.433372,9999-12-31 00:00:00,2026-03-26 23:56:23.433372,2026-03-26 23:56:23.433372,u8537748
654,A0706,Ingalls & Snyder LLC,NY,Broker Dealer,ae2499296a85583309ca39c55c9ab128,2026-03-26 23:56:23.433372,9999-12-31 00:00:00,2026-03-26 23:56:23.433372,2026-03-26 23:56:23.433372,u8537748
824,A0717,"Raymond James Financial Services, Inc.",FL,Broker Dealer,bc0dfed87b9e626c0c74624181d326bb,2026-03-26 23:56:23.433372,9999-12-31 00:00:00,2026-03-26 23:56:23.433372,2026-03-26 23:56:23.433372,u8537748
254,A0727,"Isaak Bond Investments, Inc.",CO,Broker Dealer,a1433ba95db3812cfe01414375eaf63a,2026-03-26 23:56:23.433372,9999-12-31 00:00:00,2026-03-26 23:56:23.433372,2026-03-26 23:56:23.433372,u8537748
222,A0747,&Partners,TN,Broker Dealer/Municipal Advisor,34c664c1d676a49551ad8a7a5475f324,2026-03-26 23:56:23.433372,9999-12-31 00:00:00,2026-03-26 23:56:23.433372,2026-03-26 23:56:23.433372,u8537748
864,A0748,SouthState Securities Corp.,TN,Broker Dealer/Municipal Advisor,5b7641c008b21fceadc4dc4cebdb9cc8,2026-03-26 23:56:23.433372,9999-12-31 00:00:00,2026-03-26 23:56:23.433372,2026-03-26 23:56:23.433372,u8537748
170,A0758,Arthur W Wood Company,MA,Broker Dealer,3ca904e6524081952dbe3f0b94bd65a1,2026-03-26 23:56:23.433372,9999-12-31 00:00:00,2026-03-26 23:56:23.433372,2026-03-26 23:56:23.433372,u8537748
897,A0763,"Wulff, Hansen & Company",CA,Broker Dealer/Municipal Advisor,73fa97427a483e0e6a0f4f9f1c0e2220,2026-03-26 23:56:23.433372,9999-12-31 00:00:00,2026-03-26 23:56:23.433372,2026-03-26 23:56:23.433372,u8537748
687,A0775,BC Ziegler and Company,IL,Broker Dealer/Municipal Advisor,67805876df0125ea9c3ec4275cf27417,2026-03-26 23:56:23.433372,9999-12-31 00:00:00,2026-03-26 23:56:23.433372,2026-03-26 23:56:23.433372,u8537748
477,A0777,Ziv Investment Company,IL,Broker Dealer,cd6468f410b55142f71176dac4dcae0c,2026-03-26 23:56:23.433372,9999-12-31 00:00:00,2026-03-26 23:56:23.433372,2026-03-26 23:56:23.433372,u8537748
732,A0785,Janney Montgomery Scott LLC,PA,Broker Dealer,e6f76f415d8014f2f86a96fe8a58ddf2,2026-03-26 23:56:23.433372,9999-12-31 00:00:00,2026-03-26 23:56:23.433372,2026-03-26 23:56:23.433372,u8537748
15,A0786,"JKR & Co., Inc.",CA,Broker Dealer,8af520691d72f58ab19cb7177d080b94,2026-03-26 23:56:23.433372,9999-12-31 00:00:00,2026-03-26 23:56:23.433372,2026-03-26 23:56:23.433372,u8537748
48,A0797,"Joe Jolly & Co., Inc.",AL,Broker Dealer,a184a171642215d6ac7c3ff74ae1a743,2026-03-26 23:56:23.433372,9999-12-31 00:00:00,2026-03-26 23:56:23.433372,2026-03-26 23:56:23.433372,u8537748
461,A0799,Edward Jones,MO,Broker Dealer,fcff517ddd2083c8afc1dbfdc895cd9a,2026-03-26 23:56:23.433372,9999-12-31 00:00:00,2026-03-26 23:56:23.433372,2026-03-26 23:56:23.433372,u8537748
643,A0806,Kahn Brothers LLC,NY,Broker Dealer,988d5b12ff85987cc31be923f2537dc0,2026-03-26 23:56:23.433372,9999-12-31 00:00:00,2026-03-26 23:56:23.433372,2026-03-26 23:56:23.433372,u8537748
667,A0823,Kensington Capital Corp.,NY,Broker Dealer,0742d0bcb7a81d0840772aacb0c16d9e,2026-03-26 23:56:23.433372,9999-12-31 00:00:00,2026-03-26 23:56:23.433372,2026-03-26 23:56:23.433372,u8537748
426,A0835,"Kimelman & Baird, LLC",NY,Broker Dealer,9af17ad649eae89918bb934cb327e023,2026-03-26 23:56:23.433372,9999-12-31 00:00:00,2026-03-26 23:56:23.433372,2026-03-26 23:56:23.433372,u8537748
445,A0836,"CL King and Associates, Inc.",NY,Broker Dealer,b247433b83d8eefad703a7e649928069,2026-03-26 23:56:23.433372,9999-12-31 00:00:00,2026-03-26 23:56:23.433372,2026-03-26 23:56:23.433372,u8537748
36,A0850,Huntleigh Securities Corporation,MO,Broker Dealer,87f0bc509c94e1fe2d52cb81bae58a0e,2026-03-26 23:56:23.433372,9999-12-31 00:00:00,2026-03-26 23:56:23.433372,2026-03-26 23:56:23.433372,u8537748
560,A0854,"Kuykendall & Schneider, Inc.",TX,Broker Dealer,83be63677d507a10c62b34b1b52a66ee,2026-03-26 23:56:23.433372,9999-12-31 00:00:00,2026-03-26 23:56:23.433372,2026-03-26 23:56:23.433372,u8537748
817,A0859,"LaSalle St. Securities, LLC",IL,Broker Dealer,150d8f6b2116207611c39d757a867070,2026-03-26 23:56:23.433372,9999-12-31 00:00:00,2026-03-26 23:56:23.433372,2026-03-26 23:56:23.433372,u8537748
512,A0860,"Ladenburg Thalmann & Co., Inc",NY,Broker Dealer,32b96c98de6ab249535652f88cf0feea,2026-03-26 23:56:23.433372,9999-12-31 00:00:00,2026-03-26 23:56:23.433372,2026-03-26 23:56:23.433372,u8537748
668,A0862,"RF Lafferty and Co., Inc.",NY,Broker Dealer,dc2e7379ae1e0eafd1f9abf8658c59e7,2026-03-26 23:56:23.433372,9999-12-31 00:00:00,2026-03-26 23:56:23.433372,2026-03-26 23:56:23.433372,u8537748
853,A0869,Deutsche Bank Securities Inc.,NY,Broker Dealer,12ffd9729caa75a29cbecaf9dc2bac4e,2026-03-26 23:56:23.433372,9999-12-31 00:00:00,2026-03-26 23:56:23.433372,2026-03-26 23:56:23.433372,u8537748
910,A0877,B. Riley Wealth Management,TN,Broker Dealer,5cde0ffdbd1ac1d0f3951bcc83c0aaf3,2026-03-26 23:56:23.433372,9999-12-31 00:00:00,2026-03-26 23:56:23.433372,2026-03-26 23:56:23.433372,u8537748
10,A0887,"David Lerner Associates, Inc.",NY,Broker Dealer,a5f854ebe64ab0311eb9373080f98c7c,2026-03-26 23:56:23.433372,9999-12-31 00:00:00,2026-03-26 23:56:23.433372,2026-03-26 23:56:23.433372,u8537748
603,A0953,KeyBanc Capital Markets Inc.,OH,Broker Dealer/Municipal Advisor,f57a4775af0e707f8f481b386adb8a6c,2026-03-26 23:56:23.433372,9999-12-31 00:00:00,2026-03-26 23:56:23.433372,2026-03-26 23:56:23.433372,u8537748
865,A0976,"Merrill Lynch, Pierce, Fenner",NY,Broker Dealer,288b24ae01d7dca80906bc3336fdb524,2026-03-26 23:56:23.433372,9999-12-31 00:00:00,2026-03-26 23:56:23.433372,2026-03-26 23:56:23.433372,u8537748
446,A0980,Mesirow Financial Inc,IL,Broker Dealer/Municipal Advisor,868cc0e7490adafc07434cc99f358cf8,2026-03-26 23:56:23.433372,9999-12-31 00:00:00,2026-03-26 23:56:23.433372,2026-03-26 23:56:23.433372,u8537748
565,A1000,"Monness, Crespi, Hardt & Co.,",NY,Broker Dealer,2f6265f564448c8b2e6dc880db6fe24d,2026-03-26 23:56:23.433372,9999-12-31 00:00:00,2026-03-26 23:56:23.433372,2026-03-26 23:56:23.433372,u8537748
490,A1006,"The GMS Group, LLC",NJ,Broker Dealer/Municipal Advisor,9f9ca784a610ad2b483459f99eb7bcd8,2026-03-26 23:56:23.433372,9999-12-31 00:00:00,2026-03-26 23:56:23.433372,2026-03-26 23:56:23.433372,u8537748
206,A1007,"Moors & Cabot, Inc.",MA,Broker Dealer/Municipal Advisor,b36a65c54ec283175bb0202c30d47c5d,2026-03-26 23:56:23.433372,9999-12-31 00:00:00,2026-03-26 23:56:23.433372,2026-03-26 23:56:23.433372,u8537748
136,A1012,Morgan Stanley & Co. LLC,NY,Broker Dealer,c961c5220fc89772b33b91ead2a23bcb,2026-03-26 23:56:23.433372,9999-12-31 00:00:00,2026-03-26 23:56:23.433372,2026-03-26 23:56:23.433372,u8537748
407,A1036,"Garrett Nagle & Co., Inc.",MA,Broker Dealer,3dc83511aef233c6fae7d3cd274ddeed,2026-03-26 23:56:23.433372,9999-12-31 00:00:00,2026-03-26 23:56:23.433372,2026-03-26 23:56:23.433372,u8537748
257,A1037,"Martin Nelson & Co., Inc.",WA,Broker Dealer,17c89837c5da19946af61f79cee26ec4,2026-03-26 23:56:23.433372,9999-12-31 00:00:00,2026-03-26 23:56:23.433372,2026-03-26 23:56:23.433372,u8537748
554,A1038,"Nestlerode & Loy, Inc.",PA,Broker Dealer,97b52d720311d0cbac67b7e3218dd473,2026-03-26 23:56:23.433372,9999-12-31 00:00:00,2026-03-26 23:56:23.433372,2026-03-26 23:56:23.433372,u8537748
291,A1039,Neuberger Berman BD LLC,NY,Broker Dealer,e4e612d2266c64e23c61f772555b13ec,2026-03-26 23:56:23.433372,9999-12-31 00:00:00,2026-03-26 23:56:23.433372,2026-03-26 23:56:23.433372,u8537748
438,A1061,"Sanctuary Securities, Inc.",FL,Broker Dealer,ad4ee81671d1b71d9a3c4e8e73740b31,2026-03-26 23:56:23.433372,9999-12-31 00:00:00,2026-03-26 23:56:23.433372,2026-03-26 23:56:23.433372,u8537748
357,A1062,"Nuveen Securities, LLC",IL,Broker Dealer,13d04a24d00da018865fcf4f14e3e50a,2026-03-26 23:56:23.433372,9999-12-31 00:00:00,2026-03-26 23:56:23.433372,2026-03-26 23:56:23.433372,u8537748
485,A1070,"Fifth Third Securities, Inc.",OH,Broker Dealer/Municipal Advisor,0652a90f9d20ea2d12e987e0d3e3b1c4,2026-03-26 23:56:23.433372,9999-12-31 00:00:00,2026-03-26 23:56:23.433372,2026-03-26 23:56:23.433372,u8537748
280,A1091,UBS Financial Services,NY,Broker Dealer,52e04696e0cb8dcb00d4de00598a0636,2026-03-26 23:56:23.433372,9999-12-31 00:00:00,2026-03-26 23:56:23.433372,2026-03-26 23:56:23.433372,u8537748
380,A1126,Piper Sandler & Co.,MN,Broker Dealer/Municipal Advisor,47b3d56ef2886405f0e7b6fc06655662,2026-03-26 23:56:23.433372,9999-12-31 00:00:00,2026-03-26 23:56:23.433372,2026-03-26 23:56:23.433372,u8537748
278,A1137,E. E. Powell & Company,PA,Broker Dealer,c789d723eb150ddecfbd2653dd978a8a,2026-03-26 23:56:23.433372,9999-12-31 00:00:00,2026-03-26 23:56:23.433372,2026-03-26 23:56:23.433372,u8537748
19,A1145,LPL Financial LLC,SC,Broker Dealer,b66e1ce115905868a60baf905907f656,2026-03-26 23:56:23.433372,9999-12-31 00:00:00,2026-03-26 23:56:23.433372,2026-03-26 23:56:23.433372,u8537748
331,A1157,"Quincy Cass Associates, Inc.",CA,Broker Dealer,9dc70608d33e2cacb704a170cb0a587b,2026-03-26 23:56:23.433372,9999-12-31 00:00:00,2026-03-26 23:56:23.433372,2026-03-26 23:56:23.433372,u8537748
818,A1165,Samuel A. Ramirez & Company Inc.,NY,Broker Dealer/Municipal Advisor,7bc351de43e438df69a4c2ab377e6528,2026-03-26 23:56:23.433372,9999-12-31 00:00:00,2026-03-26 23:56:23.433372,2026-03-26 23:56:23.433372,u8537748
786,A1172,"Raymond James & Assoc., Inc.",FL,Broker Dealer/Municipal Advisor,80c9cc4e158fa2e63b7b7ee7f8ca56a1,2026-03-26 23:56:23.433372,9999-12-31 00:00:00,2026-03-26 23:56:23.433372,2026-03-26 23:56:23.433372,u8537748
665,A1193,"Richards, Merrill & Peterson Inc.",WA,Broker Dealer,b8507d92e3ff9b43f05383f5f3fec1ab,2026-03-26 23:56:23.433372,9999-12-31 00:00:00,2026-03-26 23:56:23.433372,2026-03-26 23:56:23.433372,u8537748
226,A1194,"Vanderbilt Securities, LLC",NY,Broker Dealer,f7311e87d10ea79d5ce8aea9d0f38bcd,2026-03-26 23:56:23.433372,9999-12-31 00:00:00,2026-03-26 23:56:23.433372,2026-03-26 23:56:23.433372,u8537748
749,A1214,Romano Brothers & Company,IL,Broker Dealer,67397558bcebef1428c55248dc335b8a,2026-03-26 23:56:23.433372,9999-12-31 00:00:00,2026-03-26 23:56:23.433372,2026-03-26 23:56:23.433372,u8537748
49,A1218,Roosevelt & Cross Incorporated,NY,Broker Dealer/Municipal Advisor,ebe854a4f32e5a9d89caf1091222485e,2026-03-26 23:56:23.433372,9999-12-31 00:00:00,2026-03-26 23:56:23.433372,2026-03-26 23:56:23.433372,u8537748
849,A1231,Rothschild Investment LLC,IL,Broker Dealer,b169fc40d62c33408e65996e7b05b50e,2026-03-26 23:56:23.433372,9999-12-31 00:00:00,2026-03-26 23:56:23.433372,2026-03-26 23:56:23.433372,u8537748
526,A1249,"Sage, Rutty & Co., Inc.",NY,Broker Dealer,7659a72765038be65c5e602d9f68333c,2026-03-26 23:56:23.433372,9999-12-31 00:00:00,2026-03-26 23:56:23.433372,2026-03-26 23:56:23.433372,u8537748
821,A1271,"Charles Schwab & Co., Inc.",TX,Broker Dealer,a7af9ac64ebd674a18d8d49e43fe20f3,2026-03-26 23:56:23.433372,9999-12-31 00:00:00,2026-03-26 23:56:23.433372,2026-03-26 23:56:23.433372,u8537748
211,A1272,"Gregory J Schwartz & Co., Inc.",MI,Broker Dealer,128b16e5c9d780526192a7a243645ca3,2026-03-26 23:56:23.433372,9999-12-31 00:00:00,2026-03-26 23:56:23.433372,2026-03-26 23:56:23.433372,u8537748
288,A1287,"JD Seibert & Company, Inc.",OH,Broker Dealer,b0a67b76840ba06a317aaff8d4222248,2026-03-26 23:56:23.433372,9999-12-31 00:00:00,2026-03-26 23:56:23.433372,2026-03-26 23:56:23.433372,u8537748
345,A1290,Hilltop Securities Inc.,TX,Broker Dealer/Municipal Advisor,d0c6ccaae5dc807532af667b6ecbd17c,2026-03-26 23:56:23.433372,9999-12-31 00:00:00,2026-03-26 23:56:23.433372,2026-03-26 23:56:23.433372,u8537748
272,A1303,Stephens Inc.,AR,Broker Dealer/Municipal Advisor,a3a7ef6d78062e7b9dcc9d2f93e17aeb,2026-03-26 23:56:23.433372,9999-12-31 00:00:00,2026-03-26 23:56:23.433372,2026-03-26 23:56:23.433372,u8537748
529,A1306,"Sterling, Grace Municipal Sec.",NJ,Broker Dealer,c54402d79602d96b8df1c42c35c2ecdb,2026-03-26 23:56:23.433372,9999-12-31 00:00:00,2026-03-26 23:56:23.433372,2026-03-26 23:56:23.433372,u8537748
217,A1313,"Stifel, Nicolaus & Company,Inc",MO,Broker Dealer/Municipal Advisor,37a8f3b2ba84544a937e9ee1813e0d96,2026-03-26 23:56:23.433372,9999-12-31 00:00:00,2026-03-26 23:56:23.433372,2026-03-26 23:56:23.433372,u8537748
332,A1329,Colliers Securities LLC,MN,Broker Dealer/Municipal Advisor,e07aa006da38b843140ce35baa3a2c01,2026-03-26 23:56:23.433372,9999-12-31 00:00:00,2026-03-26 23:56:23.433372,2026-03-26 23:56:23.433372,u8537748
114,A1330,"SF Investments, Inc.",IL,Broker Dealer,17a21de8b439931a853c5e3138dbc5fc,2026-03-26 23:56:23.433372,9999-12-31 00:00:00,2026-03-26 23:56:23.433372,2026-03-26 23:56:23.433372,u8537748
95,A1349,"LO Thomas & Co., Inc.",NJ,Broker Dealer,847bea60fae6cb5b3c4bc1d7276e062a,2026-03-26 23:56:23.433372,9999-12-31 00:00:00,2026-03-26 23:56:23.433372,2026-03-26 23:56:23.433372,u8537748
111,A1355,"THURSTON, SPRINGER, MILLER, HERD & TITAK, INC.",IN,Broker Dealer,f6b12e55acf1c579564c9547d4584341,2026-03-26 23:56:23.433372,9999-12-31 00:00:00,2026-03-26 23:56:23.433372,2026-03-26 23:56:23.433372,u8537748
18,A1357,Thornton Farish Inc.,AL,Broker Dealer/Municipal Advisor,da917266290cf46b2bdaad791c6e57ec,2026-03-26 23:56:23.433372,9999-12-31 00:00:00,2026-03-26 23:56:23.433372,2026-03-26 23:56:23.433372,u8537748
789,A1375,"Trubee Wealth Advisors, Inc.",NY,Broker Dealer,101ecbbc8d79fcf70d9aabf8a65bb4be,2026-03-26 23:56:23.433372,9999-12-31 00:00:00,2026-03-26 23:56:23.433372,2026-03-26 23:56:23.433372,u8537748
82,A1381,UBS Securities LLC,NY,Broker Dealer,f997edbcc218cd2000ad36421fe60435,2026-03-26 23:56:23.433372,9999-12-31 00:00:00,2026-03-26 23:56:23.433372,2026-03-26 23:56:23.433372,u8537748
755,A1399,VBC Securities LLC,NJ,Broker Dealer,dd4141f0b3241c328ea0a2abb200f28d,2026-03-26 23:56:23.433372,9999-12-31 00:00:00,2026-03-26 23:56:23.433372,2026-03-26 23:56:23.433372,u8537748
189,A1401,"Invesco Capital Markets, Inc.",TX,Broker Dealer,fd2d314b810d6bb6e13cf6331f2f2f97,2026-03-26 23:56:23.433372,9999-12-31 00:00:00,2026-03-26 23:56:23.433372,2026-03-26 23:56:23.433372,u8537748
551,A1418,Wall Street Access,NY,Broker Dealer,6837689e3cfd45fff5075a58d6bf8d7b,2026-03-26 23:56:23.433372,9999-12-31 00:00:00,2026-03-26 23:56:23.433372,2026-03-26 23:56:23.433372,u8537748
394,A1436,Wedbush Securities Inc.,CA,Broker Dealer,7065f1c9c73a05cad2e75ec41fa6c8db,2026-03-26 23:56:23.433372,9999-12-31 00:00:00,2026-03-26 23:56:23.433372,2026-03-26 23:56:23.433372,u8537748
797,A1475,"Muriel Siebert & Co., LLC",NY,Broker Dealer,692202dfc804a5c8188075750e6b9dda,2026-03-26 23:56:23.433372,9999-12-31 00:00:00,2026-03-26 23:56:23.433372,2026-03-26 23:56:23.433372,u8537748
74,A1481,"Herbert J Sims & Co., Inc.",CT,Broker Dealer/Municipal Advisor,8851249ac21fd68a4babd9844df73bc7,2026-03-26 23:56:23.433372,9999-12-31 00:00:00,2026-03-26 23:56:23.433372,2026-03-26 23:56:23.433372,u8537748
464,A1487,Citigroup Global Markets Inc.,NY,Broker Dealer,b922abafaa7b4f8aa7459bbf630ed2dd,2026-03-26 23:56:23.433372,9999-12-31 00:00:00,2026-03-26 23:56:23.433372,2026-03-26 23:56:23.433372,u8537748
876,A1492,"Smith, Moore and Company",MO,Broker Dealer,c6fb2515c0a071f9208e0b7de77a8830,2026-03-26 23:56:23.433372,9999-12-31 00:00:00,2026-03-26 23:56:23.433372,2026-03-26 23:56:23.433372,u8537748
792,A1519,"GIT Investment Services, Inc.",VA,Broker Dealer,46a389197482dff1957c58f27d4c57c7,2026-03-26 23:56:23.433372,9999-12-31 00:00:00,2026-03-26 23:56:23.433372,2026-03-26 23:56:23.433372,u8537748
784,A1555,"POPULAR SECURITIES, LLC",PR,Broker Dealer,3451bac9163e5c3a1f939dd1e0a6f3a7,2026-03-26 23:56:23.433372,9999-12-31 00:00:00,2026-03-26 23:56:23.433372,2026-03-26 23:56:23.433372,u8537748
831,A1562,National Financial Services LLC,MA,Broker Dealer,3eb32adde5c13e52c349c23057a11bba,2026-03-26 23:56:23.433372,9999-12-31 00:00:00,2026-03-26 23:56:23.433372,2026-03-26 23:56:23.433372,u8537748
260,A1573,"T.R. Winston & Company, LLC",NJ,Broker Dealer,25ebefbf11350cc0e1208ea2af07119c,2026-03-26 23:56:23.433372,9999-12-31 00:00:00,2026-03-26 23:56:23.433372,2026-03-26 23:56:23.433372,u8537748
566,A1673,"Cetera Wealth Services, LLC",CA,Broker Dealer,07fd69bd2e433427285d9f17075d84b4,2026-03-26 23:56:23.433372,9999-12-31 00:00:00,2026-03-26 23:56:23.433372,2026-03-26 23:56:23.433372,u8537748
571,A1711,USAA Investment Services Company,TX,Broker Dealer,ccecc0b70caea3f5caed6250d5b2cc4e,2026-03-26 23:56:23.433372,9999-12-31 00:00:00,2026-03-26 23:56:23.433372,2026-03-26 23:56:23.433372,u8537748
672,A1715,Synovus Securities Inc.,GA,Broker Dealer/Municipal Advisor,6f52f7ad2d96f94b3f662addb8789a48,2026-03-26 23:56:23.433372,9999-12-31 00:00:00,2026-03-26 23:56:23.433372,2026-03-26 23:56:23.433372,u8537748
274,A1729,"Hornor, Townsend & Kent, LLC",PA,Broker Dealer,c7dadff391f876ebf920cea8f40178e3,2026-03-26 23:56:23.433372,9999-12-31 00:00:00,2026-03-26 23:56:23.433372,2026-03-26 23:56:23.433372,u8537748
514,A1761,Network 1 Financial Securities,NJ,Broker Dealer,932e33d8a79c4c8ddaaed91ee6e23705,2026-03-26 23:56:23.433372,9999-12-31 00:00:00,2026-03-26 23:56:23.433372,2026-03-26 23:56:23.433372,u8537748
751,A1765,Berthel Fisher & Co.Fin.Serv.,IA,Broker Dealer,399b82bf0132f8187301783f6d208c01,2026-03-26 23:56:23.433372,9999-12-31 00:00:00,2026-03-26 23:56:23.433372,2026-03-26 23:56:23.433372,u8537748
723,A1768,Sycamore Financial Group,IN,Broker Dealer,69ec4948e8682e051e97b1bf09704772,2026-03-26 23:56:23.433372,9999-12-31 00:00:00,2026-03-26 23:56:23.433372,2026-03-26 23:56:23.433372,u8537748
898,A1776,Searle & Co.,CT,Broker Dealer,a464e895ec02e35575d7b25d12dab83c,2026-03-26 23:56:23.433372,9999-12-31 00:00:00,2026-03-26 23:56:23.433372,2026-03-26 23:56:23.433372,u8537748
442,A1784,Bettinger & Leech Financial Co,NJ,Broker Dealer,ccd75e315ef15f8bd85368a226147ef4,2026-03-26 23:56:23.433372,9999-12-31 00:00:00,2026-03-26 23:56:23.433372,2026-03-26 23:56:23.433372,u8537748
240,A1806,"Mutual Securities, Inc.",CA,Broker Dealer,15a920df5d05e0fdf8ee6cac72194737,2026-03-26 23:56:23.433372,9999-12-31 00:00:00,2026-03-26 23:56:23.433372,2026-03-26 23:56:23.433372,u8537748
647,A1809,"Beaconsfield Financial Services, Inc.",PA,Broker Dealer,88ef5e5506a4428ca453ff85ada4c258,2026-03-26 23:56:23.433372,9999-12-31 00:00:00,2026-03-26 23:56:23.433372,2026-03-26 23:56:23.433372,u8537748
517,A1819,"Gill Capital Partners, LLC",CO,Broker Dealer,60aac2b1dfdfa46c7e14f00d0b8ecb9a,2026-03-26 23:56:23.433372,9999-12-31 00:00:00,2026-03-26 23:56:23.433372,2026-03-26 23:56:23.433372,u8537748
153,A1847,"U.S. Bancorp Advisors, LLC",CA,Broker Dealer,da95294bfd6f83771f53fc5c11b0e336,2026-03-26 23:56:23.433372,9999-12-31 00:00:00,2026-03-26 23:56:23.433372,2026-03-26 23:56:23.433372,u8537748
234,A1852,"Home Financial Services, Inc.",TN,Broker Dealer,9276336b42fb1bc1c1529f881e711ece,2026-03-26 23:56:23.433372,9999-12-31 00:00:00,2026-03-26 23:56:23.433372,2026-03-26 23:56:23.433372,u8537748
305,A1877,First Liberties Financial,FL,Broker Dealer,0c4eca86d5eb7bc19cc3577b137b0e75,2026-03-26 23:56:23.433372,9999-12-31 00:00:00,2026-03-26 23:56:23.433372,2026-03-26 23:56:23.433372,u8537748
235,A1887,"R. Seelaus & Co., LLC",NJ,Broker Dealer,f250f8addc1b8b34a25ddb8ccc446d8b,2026-03-26 23:56:23.433372,9999-12-31 00:00:00,2026-03-26 23:56:23.433372,2026-03-26 23:56:23.433372,u8537748
444,A1893,"MML Investors Services, LLC",MA,Broker Dealer,8e89552d6a20b33c1f0447fbf86e89f2,2026-03-26 23:56:23.433372,9999-12-31 00:00:00,2026-03-26 23:56:23.433372,2026-03-26 23:56:23.433372,u8537748
266,A1898,Cetera Financial Specialists LLC,IL,Broker Dealer,e8c5cc9790fe9793188f2a44aff836ae,2026-03-26 23:56:23.433372,9999-12-31 00:00:00,2026-03-26 23:56:23.433372,2026-03-26 23:56:23.433372,u8537748
239,A1942,"First Bankers' Banc Securities, Inc.",MO,Broker Dealer,4731cf463eaf7ba67fb8b7fa19089e7a,2026-03-26 23:56:23.433372,9999-12-31 00:00:00,2026-03-26 23:56:23.433372,2026-03-26 23:56:23.433372,u8537748
160,A1963,"LPL Enterprise, LLC",SC,Broker Dealer,4b4327ba5a85b05f7cf791b6b9ca1a0b,2026-03-26 23:56:23.433372,9999-12-31 00:00:00,2026-03-26 23:56:23.433372,2026-03-26 23:56:23.433372,u8537748
398,A1965,"NewEdge Securities, LLC",PA,Broker Dealer,d87888240a8a5d6e6b265fa134a719dd,2026-03-26 23:56:23.433372,9999-12-31 00:00:00,2026-03-26 23:56:23.433372,2026-03-26 23:56:23.433372,u8537748
888,A2014,"Regal Securities, Inc.",IL,Broker Dealer,67bc1e61518ca80ac002c2148444ced0,2026-03-26 23:56:23.433372,9999-12-31 00:00:00,2026-03-26 23:56:23.433372,2026-03-26 23:56:23.433372,u8537748
244,A2021,"Cetera Advisors, LLC",CO,Broker Dealer,90587e703199fb9018b4561a0a9d6ab4,2026-03-26 23:56:23.433372,9999-12-31 00:00:00,2026-03-26 23:56:23.433372,2026-03-26 23:56:23.433372,u8537748
706,A2027,Seaport Securities Corporation,NY,Broker Dealer,144f00ba1f5c1feb3dcd0b43f5390a2e,2026-03-26 23:56:23.433372,9999-12-31 00:00:00,2026-03-26 23:56:23.433372,2026-03-26 23:56:23.433372,u8537748
928,A2043,"Bernardi Securities, Inc.",TX,Broker Dealer,ba0aa6332366a103614f9a0a4dd51c32,2026-03-26 23:57:26.958936,9999-12-31 00:00:00,2026-03-26 23:56:23.433372,2026-03-26 23:57:26.958936,u8537748
389,A2055,"Selkirk Investments, Inc.",WA,Broker Dealer,88da7a4086186a6f813eef118e4d19ad,2026-03-26 23:56:23.433372,9999-12-31 00:00:00,2026-03-26 23:56:23.433372,2026-03-26 23:56:23.433372,u8537748
70,A2080,"Investors Brokerage of Texas, Ltd.",TX,Broker Dealer,8acea46879a353e1f5f192d682f78971,2026-03-26 23:56:23.433372,9999-12-31 00:00:00,2026-03-26 23:56:23.433372,2026-03-26 23:56:23.433372,u8537748
97,A2091,PNC Capital Markets LLC,PA,Broker Dealer,805ff3cc7eddad3d3dd3142cb0d04f83,2026-03-26 23:56:23.433372,9999-12-31 00:00:00,2026-03-26 23:56:23.433372,2026-03-26 23:56:23.433372,u8537748
94,A2110,"Ameritas Investment Company, LLC",NE,Broker Dealer/Municipal Advisor,4de9a43bdee0c8ce385b0de608d3c622,2026-03-26 23:56:23.433372,9999-12-31 00:00:00,2026-03-26 23:56:23.433372,2026-03-26 23:56:23.433372,u8537748
165,A2125,"Brown & Brown Securities, Inc.",TX,Broker Dealer,669512cb5b9de99d6fcad813ce37fbc4,2026-03-26 23:56:23.433372,9999-12-31 00:00:00,2026-03-26 23:56:23.433372,2026-03-26 23:56:23.433372,u8537748
110,A2132,Cetera Investment Services LLC,MN,Broker Dealer,83e5c8c55f303c4d4a8ae29db5069958,2026-03-26 23:56:23.433372,9999-12-31 00:00:00,2026-03-26 23:56:23.433372,2026-03-26 23:56:23.433372,u8537748
624,A2176,Pacific Investment Secs. Corp.,OR,Broker Dealer,26540e37a510c9a8b4b7e4763272a930,2026-03-26 23:56:23.433372,9999-12-31 00:00:00,2026-03-26 23:56:23.433372,2026-03-26 23:56:23.433372,u8537748
492,A2178,Stern Brothers & Co.,MO,Broker Dealer,9eb99c98aa8685813ad45123c19067c8,2026-03-26 23:56:23.433372,9999-12-31 00:00:00,2026-03-26 23:56:23.433372,2026-03-26 23:56:23.433372,u8537748
625,A2197,Wilson Parker Connally Stephenson Inc,TX,Broker Dealer,538a71d31dac544f02d2b2455e2908c2,2026-03-26 23:56:23.433372,9999-12-31 00:00:00,2026-03-26 23:56:23.433372,2026-03-26 23:56:23.433372,u8537748
378,A2206,"CBIZ Financial Solutions, Inc.",OH,Broker Dealer,6e7693665564053717b7978f7b462fb6,2026-03-26 23:56:23.433372,9999-12-31 00:00:00,2026-03-26 23:56:23.433372,2026-03-26 23:56:23.433372,u8537748
528,A2210,"Capitol Securities Management, Inc.",VA,Broker Dealer,9b3d34b9dcb1e85e7a480dbf33218ae0,2026-03-26 23:56:23.433372,9999-12-31 00:00:00,2026-03-26 23:56:23.433372,2026-03-26 23:56:23.433372,u8537748
167,A2246,"RW Smith & Associates, LLC",NJ,Broker Dealer,3ed19c0fdb6564d54645a2b9f5e4df55,2026-03-26 23:56:23.433372,9999-12-31 00:00:00,2026-03-26 23:56:23.433372,2026-03-26 23:56:23.433372,u8537748
724,A2272,"Equity Services, Inc.",VT,Broker Dealer,512a1fa99822ba73b82bef8117434bbd,2026-03-26 23:56:23.433372,9999-12-31 00:00:00,2026-03-26 23:56:23.433372,2026-03-26 23:56:23.433372,u8537748
621,A2328,Huntington Investment Company,OH,Broker Dealer,8b9be23565e8cc275169a9ffada11506,2026-03-26 23:56:23.433372,9999-12-31 00:00:00,2026-03-26 23:56:23.433372,2026-03-26 23:56:23.433372,u8537748
283,A2353,"Wells Fargo Advisors Financial Network, LLC",MO,Broker Dealer,119b63c3baedca750a52f5f764293b74,2026-03-26 23:56:23.433372,9999-12-31 00:00:00,2026-03-26 23:56:23.433372,2026-03-26 23:56:23.433372,u8537748
574,A2359,Sturges Company (The),FL,Broker Dealer/Municipal Advisor,0bd0a9d3a290ffd2f0d7ce082375ac6c,2026-03-26 23:56:23.433372,9999-12-31 00:00:00,2026-03-26 23:56:23.433372,2026-03-26 23:56:23.433372,u8537748
450,A2362,"Brooklight Place Securities, Inc.",AZ,Broker Dealer,6df90ce220567d0682c2809d5200a93a,2026-03-26 23:56:23.433372,9999-12-31 00:00:00,2026-03-26 23:56:23.433372,2026-03-26 23:56:23.433372,u8537748
673,A2389,McClurg Capital Corporation,CA,Broker Dealer,388de4205d58f5dc0ad005a108e29dbd,2026-03-26 23:56:23.433372,9999-12-31 00:00:00,2026-03-26 23:56:23.433372,2026-03-26 23:56:23.433372,u8537748
720,A2409,NW Capital Markets Inc.,NJ,Broker Dealer,60271fb7593fa051ec71c0593376dd65,2026-03-26 23:56:23.433372,9999-12-31 00:00:00,2026-03-26 23:56:23.433372,2026-03-26 23:56:23.433372,u8537748
219,A2421,"Mack Investment Securities, Inc",IL,Broker Dealer,e7ce83bf7ab8a553f3b2a6e16f7ee574,2026-03-26 23:56:23.433372,9999-12-31 00:00:00,2026-03-26 23:56:23.433372,2026-03-26 23:56:23.433372,u8537748
66,A2442,"International Money Management Group, Inc",MD,Broker Dealer,5bd0f91f1be9cd3dcd22ab1bec8e80e8,2026-03-26 23:56:23.433372,9999-12-31 00:00:00,2026-03-26 23:56:23.433372,2026-03-26 23:56:23.433372,u8537748
181,A2447,Momentum Independent Network Inc.,TX,Broker Dealer,e6d2c6c9bdd9586db9054b9d1bd330d5,2026-03-26 23:56:23.433372,9999-12-31 00:00:00,2026-03-26 23:56:23.433372,2026-03-26 23:56:23.433372,u8537748
649,A2602,"T Rowe Price Investment Services, Inc.",MD,Broker Dealer,d4c8e4275daed76a7e9df02b58cb16e1,2026-03-26 23:56:23.433372,9999-12-31 00:00:00,2026-03-26 23:56:23.433372,2026-03-26 23:56:23.433372,u8537748
177,A2605,"American Global Wealth Management, Inc.",GA,Broker Dealer,bc5d336c168ae658b5c83ba8e38b6247,2026-03-26 23:56:23.433372,9999-12-31 00:00:00,2026-03-26 23:56:23.433372,2026-03-26 23:56:23.433372,u8537748
423,A2625,"Saturna Brokerage Services, Inc.",WA,Broker Dealer,c6853be2dc25fb0f09ad6112ce248d94,2026-03-26 23:56:23.433372,9999-12-31 00:00:00,2026-03-26 23:56:23.433372,2026-03-26 23:56:23.433372,u8537748
534,A2649,Larimer Capital Corporation,CO,Broker Dealer,18cee61709def7cbe1d2b1e6756b0862,2026-03-26 23:56:23.433372,9999-12-31 00:00:00,2026-03-26 23:56:23.433372,2026-03-26 23:56:23.433372,u8537748
63,A2663,"Ameriprise Financial Services, LLC",MN,Broker Dealer,49b4726bbdfa2c4bc63097a7f6c16d10,2026-03-26 23:56:23.433372,9999-12-31 00:00:00,2026-03-26 23:56:23.433372,2026-03-26 23:56:23.433372,u8537748
209,A2689,StoneX Securities Inc.,AL,Broker Dealer,28ed63bf78fff66d15e1c531038ce0fe,2026-03-26 23:56:23.433372,9999-12-31 00:00:00,2026-03-26 23:56:23.433372,2026-03-26 23:56:23.433372,u8537748
195,A2690,Equitable Advisors LLC.,NY,Broker Dealer,c2e671e7fa385a1cf64f596546ea550b,2026-03-26 23:56:23.433372,9999-12-31 00:00:00,2026-03-26 23:56:23.433372,2026-03-26 23:56:23.433372,u8537748
880,A2725,Revere Securities LLC,NY,Broker Dealer,d448d835b4e699e0b739f7c73805f6fa,2026-03-26 23:56:23.433372,9999-12-31 00:00:00,2026-03-26 23:56:23.433372,2026-03-26 23:56:23.433372,u8537748
611,A2729,GA Repple & Company,FL,Broker Dealer,e4b337eb0df2894a449b6d23aa5a913d,2026-03-26 23:56:23.433372,9999-12-31 00:00:00,2026-03-26 23:56:23.433372,2026-03-26 23:56:23.433372,u8537748
814,A2742,Valley National Investments,PA,Broker Dealer,b40fb61af23017e02c259e47a3bf036c,2026-03-26 23:56:23.433372,9999-12-31 00:00:00,2026-03-26 23:56:23.433372,2026-03-26 23:56:23.433372,u8537748
811,A2748,"Truist Investment Services, Inc.",GA,Broker Dealer,eb3361b5cc9a8b17c728c9d56ed88103,2026-03-26 23:56:23.433372,9999-12-31 00:00:00,2026-03-26 23:56:23.433372,2026-03-26 23:56:23.433372,u8537748
321,A2770,"TradeUP Securities, Inc.",NY,Broker Dealer,bb2edb9208e9b79fe5a42e1a47b2ee14,2026-03-26 23:56:23.433372,9999-12-31 00:00:00,2026-03-26 23:56:23.433372,2026-03-26 23:56:23.433372,u8537748
902,A2781,CNR Securities LLC,NY,Broker Dealer,9e35e2fdc60bde3e3a14904e5901d225,2026-03-26 23:56:23.433372,9999-12-31 00:00:00,2026-03-26 23:56:23.433372,2026-03-26 23:56:23.433372,u8537748
738,A2790,Roberts & Ryan Inc.,NY,Broker Dealer,618c619e23e317324242bffd45c02ae9,2026-03-26 23:56:23.433372,9999-12-31 00:00:00,2026-03-26 23:56:23.433372,2026-03-26 23:56:23.433372,u8537748
87,A2796,"Rhodes Securities, Inc.",TX,Broker Dealer,58491733e8baba0906d4057b86038b44,2026-03-26 23:56:23.433372,9999-12-31 00:00:00,2026-03-26 23:56:23.433372,2026-03-26 23:56:23.433372,u8537748
516,A2800,"First Western Securities, Inc.",TX,Broker Dealer,fe0eab14cb94919b5dcdb08dd9dfbc1b,2026-03-26 23:56:23.433372,9999-12-31 00:00:00,2026-03-26 23:56:23.433372,2026-03-26 23:56:23.433372,u8537748
376,A2822,International Research Sec. Inc,TX,Broker Dealer,e2ced86adf21794236c4b3c6d4e34653,2026-03-26 23:56:23.433372,9999-12-31 00:00:00,2026-03-26 23:56:23.433372,2026-03-26 23:56:23.433372,u8537748
716,A2841,LB Fisher & Company,TX,Broker Dealer,c81faa7c4ea0b19b0f7a555cb42d5fbc,2026-03-26 23:56:23.433372,9999-12-31 00:00:00,2026-03-26 23:56:23.433372,2026-03-26 23:56:23.433372,u8537748
203,A2857,Marc J. Lane and Company,IL,Broker Dealer,75a7ff1b025e043a88abd90e142b4ab4,2026-03-26 23:56:23.433372,9999-12-31 00:00:00,2026-03-26 23:56:23.433372,2026-03-26 23:56:23.433372,u8537748
439,A2873,United Planners'Fin.Svc.of Ame,AZ,Broker Dealer,b91337a8508fb7578fabdd3f013339be,2026-03-26 23:56:23.433372,9999-12-31 00:00:00,2026-03-26 23:56:23.433372,2026-03-26 23:56:23.433372,u8537748
586,A2908,Sanders Morris LLC,TX,Broker Dealer,5151301396452601178da4413d79940d,2026-03-26 23:56:23.433372,9999-12-31 00:00:00,2026-03-26 23:56:23.433372,2026-03-26 23:56:23.433372,u8537748
861,A2912,"Calton & Associates, Inc.",FL,Broker Dealer,01b9c260343ec1b4f1101c6bc197fbac,2026-03-26 23:56:23.433372,9999-12-31 00:00:00,2026-03-26 23:56:23.433372,2026-03-26 23:56:23.433372,u8537748
772,A2960,"Westminster Fin'l. Secs., Inc.",OH,Broker Dealer,34915c5d3e17b4c0e2785e1aa0bf1b88,2026-03-26 23:56:23.433372,9999-12-31 00:00:00,2026-03-26 23:56:23.433372,2026-03-26 23:56:23.433372,u8537748
7,A2966,RICE FINANCIAL PRODUCTS COMPANY,TN,Broker Dealer,5a0f806899e0175e8fad927fcb74c31f,2026-03-26 23:56:23.433372,9999-12-31 00:00:00,2026-03-26 23:56:23.433372,2026-03-26 23:56:23.433372,u8537748
537,A2986,Maine Securities Corporation,ME,Broker Dealer,5daf40c7cea4843cbe6746b879beef6d,2026-03-26 23:56:23.433372,9999-12-31 00:00:00,2026-03-26 23:56:23.433372,2026-03-26 23:56:23.433372,u8537748
703,A3020,Coordinated Capital Securities,WI,Broker Dealer,650a0e4939d0f21ef0ae4778b42eade2,2026-03-26 23:56:23.433372,9999-12-31 00:00:00,2026-03-26 23:56:23.433372,2026-03-26 23:56:23.433372,u8537748
346,A3089,Middlegate Securities Inc,NY,Broker Dealer,84703e30273bcc71947cad7280166a6b,2026-03-26 23:56:23.433372,9999-12-31 00:00:00,2026-03-26 23:56:23.433372,2026-03-26 23:56:23.433372,u8537748
411,A3104,Vanguard Marketing Corporation,PA,Broker Dealer,178195c490708a9d89e3e313c60cc93e,2026-03-26 23:56:23.433372,9999-12-31 00:00:00,2026-03-26 23:56:23.433372,2026-03-26 23:56:23.433372,u8537748
502,A3116,"Carter, Terry & Company, Inc.",GA,Broker Dealer,9d66ec0a3d899c4ecaeba7e7a13220af,2026-03-26 23:56:23.433372,9999-12-31 00:00:00,2026-03-26 23:56:23.433372,2026-03-26 23:56:23.433372,u8537748
597,A3188,"Consolidated Financial Investments, Inc.",MO,Broker Dealer,692ae4a136d265c02bb4a62500db15d0,2026-03-26 23:56:23.433372,9999-12-31 00:00:00,2026-03-26 23:56:23.433372,2026-03-26 23:56:23.433372,u8537748
767,A3229,"Harbour Investments, Inc.",WI,Broker Dealer,a1ed5edabcc028d84f46fbf3720e0be2,2026-03-26 23:56:23.433372,9999-12-31 00:00:00,2026-03-26 23:56:23.433372,2026-03-26 23:56:23.433372,u8537748
91,A3238,Credit Agricole Securities (USA) Inc.,NY,Broker Dealer,6701cda0c81cdbef2f50d0a415803d9b,2026-03-26 23:56:23.433372,9999-12-31 00:00:00,2026-03-26 23:56:23.433372,2026-03-26 23:56:23.433372,u8537748
28,A3246,Commonwealth Financial Network,MA,Broker Dealer,ec1ddd5ea1f6b5c6469320ea40c53197,2026-03-26 23:56:23.433372,9999-12-31 00:00:00,2026-03-26 23:56:23.433372,2026-03-26 23:56:23.433372,u8537748
837,A3249,"Osaic Wealth, Inc.",AZ,Broker Dealer,b6761f95703ba29665a0ae8f84a627b4,2026-03-26 23:56:23.433372,9999-12-31 00:00:00,2026-03-26 23:56:23.433372,2026-03-26 23:56:23.433372,u8537748
689,A3290,Dominari Securities LLC,NY,Broker Dealer,8363c71acd8769e5925c611a1af16da9,2026-03-26 23:56:23.433372,9999-12-31 00:00:00,2026-03-26 23:56:23.433372,2026-03-26 23:56:23.433372,u8537748
420,A3302,Financial Northeastern Sec.Inc,NJ,Broker Dealer,34f052b7a7d79d3a638269820274a6e9,2026-03-26 23:56:23.433372,9999-12-31 00:00:00,2026-03-26 23:56:23.433372,2026-03-26 23:56:23.433372,u8537748
298,A3303,"Realta Equities, Inc.",DE,Broker Dealer,cf86f3561f110ae4f23095eed3e3dae8,2026-03-26 23:56:23.433372,9999-12-31 00:00:00,2026-03-26 23:56:23.433372,2026-03-26 23:56:23.433372,u8537748
168,A3315,"Trustmont Financial Group, Inc.",PA,Broker Dealer,63668a8a1c12a6d87d9f8cd76c436a6d,2026-03-26 23:56:23.433372,9999-12-31 00:00:00,2026-03-26 23:56:23.433372,2026-03-26 23:56:23.433372,u8537748
374,A3317,"Buckman, Buckman & Reid, Inc.",NJ,Broker Dealer,1f00a982ab416ee346f74d2c7e3224b5,2026-03-26 23:56:23.433372,9999-12-31 00:00:00,2026-03-26 23:56:23.433372,2026-03-26 23:56:23.433372,u8537748
873,A3326,Money Concepts Capital Corp,FL,Broker Dealer,d2661a7692a6f7da011323a426c81824,2026-03-26 23:56:23.433372,9999-12-31 00:00:00,2026-03-26 23:56:23.433372,2026-03-26 23:56:23.433372,u8537748
135,A3333,"R.M. Duncan Securities, Inc.",AR,Broker Dealer,d84843c895849f166a76d1c83d5d4008,2026-03-26 23:56:23.433372,9999-12-31 00:00:00,2026-03-26 23:56:23.433372,2026-03-26 23:56:23.433372,u8537748
828,A3338,"Wilson-Davis & Co., Inc.",UT,Broker Dealer,b94935e77b176fc1e52f68d8656ca63f,2026-03-26 23:56:23.433372,9999-12-31 00:00:00,2026-03-26 23:56:23.433372,2026-03-26 23:56:23.433372,u8537748
396,A3346,"Schlitt Investor Services, Inc",FL,Broker Dealer,b3c63f79ae260c6f6338080a5aad0200,2026-03-26 23:56:23.433372,9999-12-31 00:00:00,2026-03-26 23:56:23.433372,2026-03-26 23:56:23.433372,u8537748
245,A3355,"Capital Investment Group, Inc.",NC,Broker Dealer,463cea951a3390df97a9cdfd08e55183,2026-03-26 23:56:23.433372,9999-12-31 00:00:00,2026-03-26 23:56:23.433372,2026-03-26 23:56:23.433372,u8537748
77,A3373,"Signal Securities, Inc.",TX,Broker Dealer,2f0472a161fb09bafed916633dd5a55e,2026-03-26 23:56:23.433372,9999-12-31 00:00:00,2026-03-26 23:56:23.433372,2026-03-26 23:56:23.433372,u8537748
286,A3378,O.N. Equity Sales Company,OH,Broker Dealer,b95aa79f78e2e74af93e329b8b53a88f,2026-03-26 23:56:23.433372,9999-12-31 00:00:00,2026-03-26 23:56:23.433372,2026-03-26 23:56:23.433372,u8537748
896,A3389,"Voya Financial Advisors, Inc.",CT,Broker Dealer,9875a14369f57b53f26ebd6728f6b540,2026-03-26 23:56:23.433372,9999-12-31 00:00:00,2026-03-26 23:56:23.433372,2026-03-26 23:56:23.433372,u8537748
227,A3412,SMH CAPITAL INVESTMENTS LLC,TX,Broker Dealer,86f8c65fb4942b07d86445818b01fc7e,2026-03-26 23:56:23.433372,9999-12-31 00:00:00,2026-03-26 23:56:23.433372,2026-03-26 23:56:23.433372,u8537748
585,A3419,"Penrod Financial Services, Inc",MO,Broker Dealer,c09045133453e371cb4f18d5120a630c,2026-03-26 23:56:23.433372,9999-12-31 00:00:00,2026-03-26 23:56:23.433372,2026-03-26 23:56:23.433372,u8537748
688,A3445,Beech Hill Securities,NY,Broker Dealer,95ae50e16186307f65f5f9059a5e5ad8,2026-03-26 23:56:23.433372,9999-12-31 00:00:00,2026-03-26 23:56:23.433372,2026-03-26 23:56:23.433372,u8537748
813,A3490,Aegis Capital Corp.,NY,Broker Dealer,54fa86d28fec509070f63b7eb19219b9,2026-03-26 23:56:23.433372,9999-12-31 00:00:00,2026-03-26 23:56:23.433372,2026-03-26 23:56:23.433372,u8537748
188,A3500,"US Bancorp Investments, Inc.",MN,Broker Dealer,7baf6f74bfc231bed63d60e7ee773560,2026-03-26 23:56:23.433372,9999-12-31 00:00:00,2026-03-26 23:56:23.433372,2026-03-26 23:56:23.433372,u8537748
655,A3509,"Midland Securities, Ltd.",TX,Broker Dealer,90d3c5493a6b9d59035b2e1c5ae4f368,2026-03-26 23:56:23.433372,9999-12-31 00:00:00,2026-03-26 23:56:23.433372,2026-03-26 23:56:23.433372,u8537748
100,A3528,"STARK FINANCIAL INDUSTRIES, LLC",CA,Broker Dealer,850218d23a873f580a84edaa9e8e1ca6,2026-03-26 23:56:23.433372,9999-12-31 00:00:00,2026-03-26 23:56:23.433372,2026-03-26 23:56:23.433372,u8537748
436,A3567,"Lument Securities, LLC",OH,Broker Dealer,c7f9e68924c37c0062c0a3eb78971d77,2026-03-26 23:56:23.433372,9999-12-31 00:00:00,2026-03-26 23:56:23.433372,2026-03-26 23:56:23.433372,u8537748
471,A3572,Liberty Capital Investment Corporation,OR,Broker Dealer,d985f9b78c200851f5f09a8131a94245,2026-03-26 23:56:23.433372,9999-12-31 00:00:00,2026-03-26 23:56:23.433372,2026-03-26 23:56:23.433372,u8537748
600,A3574,Hennion & Walsh Inc.,NJ,Broker Dealer,19079e40baaa1095b616b0f6024e67c0,2026-03-26 23:56:23.433372,9999-12-31 00:00:00,2026-03-26 23:56:23.433372,2026-03-26 23:56:23.433372,u8537748
905,A3587,Sisung Securities Corporation,LA,Broker Dealer/Municipal Advisor,aa903b7d437507e5d9c19b3cbce91424,2026-03-26 23:56:23.433372,9999-12-31 00:00:00,2026-03-26 23:56:23.433372,2026-03-26 23:56:23.433372,u8537748
146,A3600,"Cresap, Inc.",PA,Broker Dealer,c9794ef070b3561c20f60d6183be5569,2026-03-26 23:56:23.433372,9999-12-31 00:00:00,2026-03-26 23:56:23.433372,2026-03-26 23:56:23.433372,u8537748
173,A3613,"First Dallas Securities, Inc.",TX,Broker Dealer,5fca6d5c0df4b3a4aac5f7d92e170aae,2026-03-26 23:56:23.433372,9999-12-31 00:00:00,2026-03-26 23:56:23.433372,2026-03-26 23:56:23.433372,u8537748
16,A3616,Blakeslee & Blakeslee Inc.,CA,Broker Dealer,da14069027521837f7dc93f869334230,2026-03-26 23:56:23.433372,9999-12-31 00:00:00,2026-03-26 23:56:23.433372,2026-03-26 23:56:23.433372,u8537748
399,A3627,"LEVEL FOUR FINANCIAL, LLC",TX,Broker Dealer,027f996047418276189155ac865bd2a2,2026-03-26 23:56:23.433372,9999-12-31 00:00:00,2026-03-26 23:56:23.433372,2026-03-26 23:56:23.433372,u8537748
32,A3638,Tocqueville Securities L.P.,NY,Broker Dealer,b69a0625d998fcc89fe22b8cab56e839,2026-03-26 23:56:23.433372,9999-12-31 00:00:00,2026-03-26 23:56:23.433372,2026-03-26 23:56:23.433372,u8537748
800,A3649,"PeachCap Securities, Inc.",GA,Broker Dealer,775ffb2164e5538bc878571bdef15961,2026-03-26 23:56:23.433372,9999-12-31 00:00:00,2026-03-26 23:56:23.433372,2026-03-26 23:56:23.433372,u8537748
918,A3653,"Sauer, Dazey Investment Company",MO,Broker Dealer,66b5e87da42bb4b4ba20e25294f2ceb9,2026-03-26 23:56:23.433372,9999-12-31 00:00:00,2026-03-26 23:56:23.433372,2026-03-26 23:56:23.433372,u8537748
248,A3666,AMERICAN ENTERPRISE INVESTMENT SERVICES INC.,MN,Broker Dealer,38437366d0c4d93c3eaa56f57b91d6ee,2026-03-26 23:56:23.433372,9999-12-31 00:00:00,2026-03-26 23:56:23.433372,2026-03-26 23:56:23.433372,u8537748
513,A3678,"Multi-Bank Securities, Inc.",MI,Broker Dealer/Municipal Advisor,ab196d74bb3f580782bcf2c87190f439,2026-03-26 23:56:23.433372,9999-12-31 00:00:00,2026-03-26 23:56:23.433372,2026-03-26 23:56:23.433372,u8537748
309,A3682,"Oakwood Capital Securities, Inc",MN,Broker Dealer,fe52d5ea6496e7e47e0132ee8c47ff2c,2026-03-26 23:56:23.433372,9999-12-31 00:00:00,2026-03-26 23:56:23.433372,2026-03-26 23:56:23.433372,u8537748
215,A3684,"World Investments, LLC",NJ,Broker Dealer,644eb2ee04d47715a7d48c93122d087d,2026-03-26 23:56:23.433372,9999-12-31 00:00:00,2026-03-26 23:56:23.433372,2026-03-26 23:56:23.433372,u8537748
483,A3686,Alamo Capital,CA,Broker Dealer,c5acb00981cb118ee1820423c1ace81d,2026-03-26 23:56:23.433372,9999-12-31 00:00:00,2026-03-26 23:56:23.433372,2026-03-26 23:56:23.433372,u8537748
632,A3696,"Axiom Capital Management Inc,",NY,Broker Dealer,f3593cbae309f23ecab1afa90127b855,2026-03-26 23:56:23.433372,9999-12-31 00:00:00,2026-03-26 23:56:23.433372,2026-03-26 23:56:23.433372,u8537748
842,A3698,JW Korth & Company,MI,Broker Dealer,107b023b60d5df1c6aa01629de2a8dd4,2026-03-26 23:56:23.433372,9999-12-31 00:00:00,2026-03-26 23:56:23.433372,2026-03-26 23:56:23.433372,u8537748
132,A3712,"US Securities Int'l, Corp",NY,Broker Dealer,073c1923b142891316418d3a8f741295,2026-03-26 23:56:23.433372,9999-12-31 00:00:00,2026-03-26 23:56:23.433372,2026-03-26 23:56:23.433372,u8537748
690,A3741,"Wells Fargo Clearing Services, LLC",MO,Broker Dealer,a45a6a782f7ddc90693c1700f3bd4508,2026-03-26 23:56:23.433372,9999-12-31 00:00:00,2026-03-26 23:56:23.433372,2026-03-26 23:56:23.433372,u8537748
454,A3743,"Buttonwood Partners, Inc.",WI,Broker Dealer,57ba95e1ecc7357b1f49f899f635f1b7,2026-03-26 23:56:23.433372,9999-12-31 00:00:00,2026-03-26 23:56:23.433372,2026-03-26 23:56:23.433372,u8537748
204,A3814,"Brean Capital, LLC.",NY,Broker Dealer,adde89b0d9840b3191cbb0a9bfd7c219,2026-03-26 23:56:23.433372,9999-12-31 00:00:00,2026-03-26 23:56:23.433372,2026-03-26 23:56:23.433372,u8537748
259,A3831,"Transamerica Financial Advisors, LLC",IA,Broker Dealer,e75c6a1092d503f382bd63f6cb894ebc,2026-03-26 23:56:23.433372,9999-12-31 00:00:00,2026-03-26 23:56:23.433372,2026-03-26 23:56:23.433372,u8537748
497,A3836,Lombard Securities Inc.,MD,Broker Dealer,34a501ace9604133c0fbfe4af775c885,2026-03-26 23:56:23.433372,9999-12-31 00:00:00,2026-03-26 23:56:23.433372,2026-03-26 23:56:23.433372,u8537748
356,A3840,"Chapin Davis, Inc.",MD,Broker Dealer,dad738b15122b738e4aaaf93804d14ac,2026-03-26 23:56:23.433372,9999-12-31 00:00:00,2026-03-26 23:56:23.433372,2026-03-26 23:56:23.433372,u8537748
488,A3857,Starshak Winzenburg & Co,IL,Broker Dealer/Municipal Advisor,6f11a6e9c139662a76f18eb5c70dcd6a,2026-03-26 23:56:23.433372,9999-12-31 00:00:00,2026-03-26 23:56:23.433372,2026-03-26 23:56:23.433372,u8537748
441,A3858,"Academy Securities, Inc.",NY,Broker Dealer,b6632d34c2f44a5f7ba303b87ce97815,2026-03-26 23:56:23.433372,9999-12-31 00:00:00,2026-03-26 23:56:23.433372,2026-03-26 23:56:23.433372,u8537748
157,A3870,"Oak Tree Securities, Inc.",CA,Broker Dealer,45a63f8cba5d5bb9ad78e3892e59fa84,2026-03-26 23:56:23.433372,9999-12-31 00:00:00,2026-03-26 23:56:23.433372,2026-03-26 23:56:23.433372,u8537748
648,A3898,First Trust Portfolios L.P.,IL,Broker Dealer,c735ab543869818f2f44bee27b8846a1,2026-03-26 23:56:23.433372,9999-12-31 00:00:00,2026-03-26 23:56:23.433372,2026-03-26 23:56:23.433372,u8537748
699,A3899,"Landolt Securities, Inc.",IL,Broker Dealer,993bb9509b8cde4b8695e109a7eacad5,2026-03-26 23:56:23.433372,9999-12-31 00:00:00,2026-03-26 23:56:23.433372,2026-03-26 23:56:23.433372,u8537748
53,A3914,"Stifel Independent Advisors, LLC",MO,Broker Dealer,ead62a855d77454b0cf1acdf0223dc6a,2026-03-26 23:56:23.433372,9999-12-31 00:00:00,2026-03-26 23:56:23.433372,2026-03-26 23:56:23.433372,u8537748
150,A3944,Investment Placement Group,CA,Broker Dealer,49a5684c42b3824fb092b464b90c6831,2026-03-26 23:56:23.433372,9999-12-31 00:00:00,2026-03-26 23:56:23.433372,2026-03-26 23:56:23.433372,u8537748
535,A3962,"Zions Direct, Inc.",UT,Broker Dealer,c13552878bc41affad5985114ea52b84,2026-03-26 23:56:23.433372,9999-12-31 00:00:00,2026-03-26 23:56:23.433372,2026-03-26 23:56:23.433372,u8537748
60,A3977,"Belle Haven Investments, L.P.",NY,Broker Dealer,bb8da0aba78ea8089ac407fa9951858b,2026-03-26 23:56:23.433372,9999-12-31 00:00:00,2026-03-26 23:56:23.433372,2026-03-26 23:56:23.433372,u8537748
328,A3985,"Grodsky Associates, Inc.",NJ,Broker Dealer,2b3c41886597935c5d8617af4d48b97e,2026-03-26 23:56:23.433372,9999-12-31 00:00:00,2026-03-26 23:56:23.433372,2026-03-26 23:56:23.433372,u8537748
862,A3989,"Coker & Palmer, Inc.",MS,Broker Dealer,bf5d23267cf067721f3225a05441b866,2026-03-26 23:56:23.433372,9999-12-31 00:00:00,2026-03-26 23:56:23.433372,2026-03-26 23:56:23.433372,u8537748
339,A4008,"Capital Portfolio Management, Inc",MD,Broker Dealer,208ea5be153f9730aee1b2fe46d8db72,2026-03-26 23:56:23.433372,9999-12-31 00:00:00,2026-03-26 23:56:23.433372,2026-03-26 23:56:23.433372,u8537748
154,A4017,"Noble Capital Markets, Inc.",FL,Broker Dealer,cc9cd201f8f04cce88ed724db04ef8be,2026-03-26 23:56:23.433372,9999-12-31 00:00:00,2026-03-26 23:56:23.433372,2026-03-26 23:56:23.433372,u8537748
868,A4039,"Commerce Brokerage Services, Inc",MO,Broker Dealer,daa8d5b590d878c2a8e3377562fa538a,2026-03-26 23:56:23.433372,9999-12-31 00:00:00,2026-03-26 23:56:23.433372,2026-03-26 23:56:23.433372,u8537748
616,A4047,Continental Investor Services,WA,Broker Dealer,ff5b89b41fe56b5865989301cac41e22,2026-03-26 23:56:23.433372,9999-12-31 00:00:00,2026-03-26 23:56:23.433372,2026-03-26 23:56:23.433372,u8537748
59,A4066,"First Brokers Securities, LLC",NJ,Broker Dealer,60053d0c14fb16eb0c177a98b11c192a,2026-03-26 23:56:23.433372,9999-12-31 00:00:00,2026-03-26 23:56:23.433372,2026-03-26 23:56:23.433372,u8537748
293,A4071,L.J. Hart & Company,MO,Broker Dealer/Municipal Advisor,150c1871f58519bf7575678617d85bfd,2026-03-26 23:56:23.433372,9999-12-31 00:00:00,2026-03-26 23:56:23.433372,2026-03-26 23:56:23.433372,u8537748
47,A4075,Nancy Barron & Associates Inc.,KY,Broker Dealer,c01dfd418b56c2ea8bafd1446c03c84f,2026-03-26 23:56:23.433372,9999-12-31 00:00:00,2026-03-26 23:56:23.433372,2026-03-26 23:56:23.433372,u8537748
582,A4089,"International Assets Advisory, LLC",FL,Broker Dealer,29b02d4784b6a71f7e241ee3a4509569,2026-03-26 23:56:23.433372,9999-12-31 00:00:00,2026-03-26 23:56:23.433372,2026-03-26 23:56:23.433372,u8537748
709,A4099,"Hunter Associates, LLC",PA,Broker Dealer,07967dcb62b00c1ee6cda90f096ebf69,2026-03-26 23:56:23.433372,9999-12-31 00:00:00,2026-03-26 23:56:23.433372,2026-03-26 23:56:23.433372,u8537748
364,A4113,Oriental Financial Services LLC,PR,Broker Dealer,854928c0d20f8838f5f93802accf6499,2026-03-26 23:56:23.433372,9999-12-31 00:00:00,2026-03-26 23:56:23.433372,2026-03-26 23:56:23.433372,u8537748
757,A4131,Andrew Garrett Inc.,NY,Broker Dealer,df7f0a6584df70cd24c59a2fda189711,2026-03-26 23:56:23.433372,9999-12-31 00:00:00,2026-03-26 23:56:23.433372,2026-03-26 23:56:23.433372,u8537748
507,A4144,"Principal Securities, Inc.",IA,Broker Dealer,4f3f32bb6d6acb3c1fdfaaf040b9dc7b,2026-03-26 23:56:23.433372,9999-12-31 00:00:00,2026-03-26 23:56:23.433372,2026-03-26 23:56:23.433372,u8537748
486,A4154,"OFG Financial Services, Inc.",KS,Broker Dealer,cec4da3fd0bb8c9bd7e0d9cf10ccd770,2026-03-26 23:56:23.433372,9999-12-31 00:00:00,2026-03-26 23:56:23.433372,2026-03-26 23:56:23.433372,u8537748
787,A4166,NYLife Securities LLC,NY,Broker Dealer,d1563231c29a78048dbc2e239897c5db,2026-03-26 23:56:23.433372,9999-12-31 00:00:00,2026-03-26 23:56:23.433372,2026-03-26 23:56:23.433372,u8537748
866,A4167,"American Heritage Secs., Inc.",OH,Broker Dealer,bab22e07f891d355960ddee5ebb15c85,2026-03-26 23:56:23.433372,9999-12-31 00:00:00,2026-03-26 23:56:23.433372,2026-03-26 23:56:23.433372,u8537748
610,A4178,"Lincoln Investment Planning, LLC",PA,Broker Dealer,bb1679a232ce4ef9b05beadf6c73d6e5,2026-03-26 23:56:23.433372,9999-12-31 00:00:00,2026-03-26 23:56:23.433372,2026-03-26 23:56:23.433372,u8537748
890,A4199,Riedl First Securities Co. of Kansas,KS,Broker Dealer,e87699bfb269a4ac93f811161ff5b8b5,2026-03-26 23:56:23.433372,9999-12-31 00:00:00,2026-03-26 23:56:23.433372,2026-03-26 23:56:23.433372,u8537748
917,A4229,"Bley Investment Group, Inc.",TX,Broker Dealer,bc096cf3862fa5e7265dad1a6296eba2,2026-03-26 23:56:23.433372,9999-12-31 00:00:00,2026-03-26 23:56:23.433372,2026-03-26 23:56:23.433372,u8537748
601,A4243,Spencer-Winston Securities Co.,NY,Broker Dealer,b553c829a7e1afa52dda6d842178501b,2026-03-26 23:56:23.433372,9999-12-31 00:00:00,2026-03-26 23:56:23.433372,2026-03-26 23:56:23.433372,u8537748
844,A4253,"Herold & Lantern Investments, inc.",NY,Broker Dealer,8c64c77972909e3d25ef1f9f9777e64f,2026-03-26 23:56:23.433372,9999-12-31 00:00:00,2026-03-26 23:56:23.433372,2026-03-26 23:56:23.433372,u8537748
540,A4258,"RBC Capital Markets, LLC",NY,Broker Dealer/Municipal Advisor,fbdc30d8c8c22fc9d78ece1dee8dcfc4,2026-03-26 23:56:23.433372,9999-12-31 00:00:00,2026-03-26 23:56:23.433372,2026-03-26 23:56:23.433372,u8537748
508,A4274,"KA Associates, LLC",CA,Broker Dealer,7bba2104531f36c6b86217093c45cce0,2026-03-26 23:56:23.433372,9999-12-31 00:00:00,2026-03-26 23:56:23.433372,2026-03-26 23:56:23.433372,u8537748
199,A4303,Great Pacific Securities,CA,Broker Dealer,a48fd7ae98bddd6c841f568e4871b0ed,2026-03-26 23:56:23.433372,9999-12-31 00:00:00,2026-03-26 23:56:23.433372,2026-03-26 23:56:23.433372,u8537748
172,A4320,"Register Financial Associates, Inc.",GA,Broker Dealer,f953dbfa3571800bdfaa24731fc16a2b,2026-03-26 23:56:23.433372,9999-12-31 00:00:00,2026-03-26 23:56:23.433372,2026-03-26 23:56:23.433372,u8537748
555,A4335,"Access Financial Group, Inc.",IL,Broker Dealer,2cb27fe2de9d5c7140ae47727d8a9035,2026-03-26 23:56:23.433372,9999-12-31 00:00:00,2026-03-26 23:56:23.433372,2026-03-26 23:56:23.433372,u8537748
125,A4369,The Strategic Alliance Corporation,NC,Broker Dealer,1c982b60f7cdc71361965f99ee21f0ab,2026-03-26 23:56:23.433372,9999-12-31 00:00:00,2026-03-26 23:56:23.433372,2026-03-26 23:56:23.433372,u8537748
124,A4382,"Harvestons Securities, Inc.",CO,Broker Dealer,41b46f20e8b6411c7b06f3cf25746c84,2026-03-26 23:56:23.433372,9999-12-31 00:00:00,2026-03-26 23:56:23.433372,2026-03-26 23:56:23.433372,u8537748
708,A4418,"SMBC Nikko Securities America, Inc.",NY,Broker Dealer,d5f151f6a3b3f515196083d5331edaa6,2026-03-26 23:56:23.433372,9999-12-31 00:00:00,2026-03-26 23:56:23.433372,2026-03-26 23:56:23.433372,u8537748
343,A4421,"Osaic Institutions, Inc.",CT,Broker Dealer,1c989648dbc08ec93f03c2b177afbd8c,2026-03-26 23:56:23.433372,9999-12-31 00:00:00,2026-03-26 23:56:23.433372,2026-03-26 23:56:23.433372,u8537748
788,A4434,"Cascade Investment Group, Inc.",CO,Broker Dealer,d8429866a84da551512e45961596378a,2026-03-26 23:56:23.433372,9999-12-31 00:00:00,2026-03-26 23:56:23.433372,2026-03-26 23:56:23.433372,u8537748
393,A4441,SIGMA Financial Corporation,MI,Broker Dealer,f8600a037cd8b2eaaf89a455b2349808,2026-03-26 23:56:23.433372,9999-12-31 00:00:00,2026-03-26 23:56:23.433372,2026-03-26 23:56:23.433372,u8537748
329,A4446,"Global Financial Services, LLC",TX,Broker Dealer,13ece49f32ad40b7b87386fbcc6039a0,2026-03-26 23:56:23.433372,9999-12-31 00:00:00,2026-03-26 23:56:23.433372,2026-03-26 23:56:23.433372,u8537748
895,A4454,"Abacus Investments, Inc.",WI,Broker Dealer,db86ee1ef99f7d5804a44e2e6d56445a,2026-03-26 23:56:23.433372,9999-12-31 00:00:00,2026-03-26 23:56:23.433372,2026-03-26 23:56:23.433372,u8537748
641,A4455,First Heartland Capital Inc,MO,Broker Dealer,2633fc986204379af3c422117da7fe11,2026-03-26 23:56:23.433372,9999-12-31 00:00:00,2026-03-26 23:56:23.433372,2026-03-26 23:56:23.433372,u8537748
225,A4458,"Syndicated Capital, Inc.",CA,Broker Dealer,181db8bc62f7e45b1cded6b0e847e3f9,2026-03-26 23:56:23.433372,9999-12-31 00:00:00,2026-03-26 23:56:23.433372,2026-03-26 23:56:23.433372,u8537748
857,A4467,"US Sterling Securities, Inc.",NY,Broker Dealer,625e75e70ed3c45eee123ecb43a3199d,2026-03-26 23:56:23.433372,9999-12-31 00:00:00,2026-03-26 23:56:23.433372,2026-03-26 23:56:23.433372,u8537748
705,A4470,"Cabrera Capital Markets, LLC",IL,Broker Dealer/Municipal Advisor,d6dd2fa711244fc0a8a8023cc4ea78ca,2026-03-26 23:56:23.433372,9999-12-31 00:00:00,2026-03-26 23:56:23.433372,2026-03-26 23:56:23.433372,u8537748
769,A4481,"Performance Trust Capital Partners, LLC",IL,Broker Dealer,9280e5d8c6836978bcbd71d92abebd5c,2026-03-26 23:56:23.433372,9999-12-31 00:00:00,2026-03-26 23:56:23.433372,2026-03-26 23:56:23.433372,u8537748
559,A4502,"Lenox Financial Services, Inc.",IL,Broker Dealer,03e408cfb77597f1ce289db93c583dd5,2026-03-26 23:56:23.433372,9999-12-31 00:00:00,2026-03-26 23:56:23.433372,2026-03-26 23:56:23.433372,u8537748
228,A4529,"Cardinal Investments, Inc.",IL,Broker Dealer,784863007d721fdb0a9d4edfc00759a3,2026-03-26 23:56:23.433372,9999-12-31 00:00:00,2026-03-26 23:56:23.433372,2026-03-26 23:56:23.433372,u8537748
733,A4542,"Harger & Company, Inc.",LA,Broker Dealer,cf0f85ed98553fbd563f2e1fe0f97012,2026-03-26 23:56:23.433372,9999-12-31 00:00:00,2026-03-26 23:56:23.433372,2026-03-26 23:56:23.433372,u8537748
602,A4545,BNY Mellon Securities Corporation,NY,Broker Dealer,ebe1b3a9674d87a4fdaacb3b8cc015ed,2026-03-26 23:56:23.433372,9999-12-31 00:00:00,2026-03-26 23:56:23.433372,2026-03-26 23:56:23.433372,u8537748
109,A4549,Purshe Kaplan Sterling Investments,NY,Broker Dealer,5beca5ad17cfe633f14de5e39d2ed08e,2026-03-26 23:56:23.433372,9999-12-31 00:00:00,2026-03-26 23:56:23.433372,2026-03-26 23:56:23.433372,u8537748
388,A4565,"St. Bernard Financial Services, Inc.",AR,Broker Dealer,ad6110cd6f1f5dc3c3d22d2431b14113,2026-03-26 23:56:23.433372,9999-12-31 00:00:00,2026-03-26 23:56:23.433372,2026-03-26 23:56:23.433372,u8537748
112,A4571,"Great American Investors, Inc.",KS,Broker Dealer,ccb80db917ef26f1062a65e0834b602f,2026-03-26 23:56:23.433372,9999-12-31 00:00:00,2026-03-26 23:56:23.433372,2026-03-26 23:56:23.433372,u8537748
358,A4589,"UMB Financial Services, Inc.",MO,Broker Dealer/Municipal Advisor,a37689be6bde19ff0d7bce1b6488b3f6,2026-03-26 23:56:23.433372,9999-12-31 00:00:00,2026-03-26 23:56:23.433372,2026-03-26 23:56:23.433372,u8537748
781,A4590,"R.M. Stark & Co., Inc.",FL,Broker Dealer,e5aed9f226a94e8be9944a19494a06bb,2026-03-26 23:56:23.433372,9999-12-31 00:00:00,2026-03-26 23:56:23.433372,2026-03-26 23:56:23.433372,u8537748
815,A4603,Bolton Global Capital,MA,Broker Dealer,e78f61f600eb2e9ed6b4b145616340b7,2026-03-26 23:56:23.433372,9999-12-31 00:00:00,2026-03-26 23:56:23.433372,2026-03-26 23:56:23.433372,u8537748
342,A4637,"Valdes & Moreno, Inc.",MO,Broker Dealer,3bce70c26c2b780d5b685dffe95bcdbd,2026-03-26 23:56:23.433372,9999-12-31 00:00:00,2026-03-26 23:56:23.433372,2026-03-26 23:56:23.433372,u8537748
805,A4652,"Mischler Financial Group, Inc.",CA,Broker Dealer,b950fd3eb2523e5d28042d35bc6272f0,2026-03-26 23:56:23.433372,9999-12-31 00:00:00,2026-03-26 23:56:23.433372,2026-03-26 23:56:23.433372,u8537748
900,A4676,"Ashton Thomas Securities, LLC.",NY,Broker Dealer,9de08fcf8f50977a9df016f579f2c2c0,2026-03-26 23:56:23.433372,9999-12-31 00:00:00,2026-03-26 23:56:23.433372,2026-03-26 23:56:23.433372,u8537748
595,A4684,"Kiley Partners, Inc.",NV,Broker Dealer,d790579ac2604da3a7f6c1673f6fd95c,2026-03-26 23:56:23.433372,9999-12-31 00:00:00,2026-03-26 23:56:23.433372,2026-03-26 23:56:23.433372,u8537748
52,A4685,"BNY Mellon Capital Markets, LLC",NY,Broker Dealer,e8c610bb719777fc3dc81dfb4f3182ce,2026-03-26 23:56:23.433372,9999-12-31 00:00:00,2026-03-26 23:56:23.433372,2026-03-26 23:56:23.433372,u8537748
820,A4700,"BOK Financial Securities, Inc.",OK,Broker Dealer/Municipal Advisor,3d25aa4688c8080f86849f2b204440de,2026-03-26 23:56:23.433372,9999-12-31 00:00:00,2026-03-26 23:56:23.433372,2026-03-26 23:56:23.433372,u8537748
645,A4721,"Robert Blum Municipals, Inc.",CA,Broker Dealer,0c07c3567740b8b5cd8438c1cf56974d,2026-03-26 23:56:23.433372,9999-12-31 00:00:00,2026-03-26 23:56:23.433372,2026-03-26 23:56:23.433372,u8537748
524,A4743,DM Kelly & Company,IA,Broker Dealer,5e4a4412d2509cf62758b5ad49ddee4b,2026-03-26 23:56:23.433372,9999-12-31 00:00:00,2026-03-26 23:56:23.433372,2026-03-26 23:56:23.433372,u8537748
495,A4744,"NBC Securities, Inc.",AL,Broker Dealer,c8126a2c342d0d8a164df0249331172a,2026-03-26 23:56:23.433372,9999-12-31 00:00:00,2026-03-26 23:56:23.433372,2026-03-26 23:56:23.433372,u8537748
474,A4749,Shearson Financial Services LLC,FL,Broker Dealer,e21a00a38e4f328d99b8ef74578e941c,2026-03-26 23:56:23.433372,9999-12-31 00:00:00,2026-03-26 23:56:23.433372,2026-03-26 23:56:23.433372,u8537748
302,A4752,"Leigh Baldwin & Co., LLC",NY,Broker Dealer,9be8d384b105f8b1a4bc3b54071bfd07,2026-03-26 23:56:23.433372,9999-12-31 00:00:00,2026-03-26 23:56:23.433372,2026-03-26 23:56:23.433372,u8537748
552,A4764,"TrustFirst, Inc.",TN,Broker Dealer,f358edcaa998ab604c0ac22c3e6c4466,2026-03-26 23:56:23.433372,9999-12-31 00:00:00,2026-03-26 23:56:23.433372,2026-03-26 23:56:23.433372,u8537748
417,A4768,Teckmeyer Financial Services,NE,Broker Dealer,bd4920e20a82304c88eee249bb59628f,2026-03-26 23:56:23.433372,9999-12-31 00:00:00,2026-03-26 23:56:23.433372,2026-03-26 23:56:23.433372,u8537748
232,A4774,"LRB Public Finance Advisors, Inc.",UT,Broker Dealer/Municipal Advisor,8c35ba46250bb61eb9f5d387265d6cea,2026-03-26 23:56:23.433372,9999-12-31 00:00:00,2026-03-26 23:56:23.433372,2026-03-26 23:56:23.433372,u8537748
569,A4779,"1st Discount Brokerage, Inc.",FL,Broker Dealer,8290788d1cf686519d0474d3f9497d0d,2026-03-26 23:56:23.433372,9999-12-31 00:00:00,2026-03-26 23:56:23.433372,2026-03-26 23:56:23.433372,u8537748
69,A4785,Cambridge Investment Research,IA,Broker Dealer,375a582d97b6ad168cca4a7b35544f35,2026-03-26 23:56:23.433372,9999-12-31 00:00:00,2026-03-26 23:56:23.433372,2026-03-26 23:56:23.433372,u8537748
359,A4786,"United Brokerage Services, Inc.",WV,Broker Dealer,40c1a606925245363de5badee95c4c2d,2026-03-26 23:56:23.433372,9999-12-31 00:00:00,2026-03-26 23:56:23.433372,2026-03-26 23:56:23.433372,u8537748
12,A4803,"Citizens Securities, Inc.",RI,Broker Dealer,17c6f4ea4d8f30c2a4ed549f853d84a2,2026-03-26 23:56:23.433372,9999-12-31 00:00:00,2026-03-26 23:56:23.433372,2026-03-26 23:56:23.433372,u8537748
119,A4820,"Guggenheim Funds Distributors, LLC.",IL,Broker Dealer,b9c0967e76d2ee2aba500329d37f776e,2026-03-26 23:56:23.433372,9999-12-31 00:00:00,2026-03-26 23:56:23.433372,2026-03-26 23:56:23.433372,u8537748
476,A4831,"Celadon Financial Group, LLC",NJ,Broker Dealer,388275eabfe69b47027b79d6e192341b,2026-03-26 23:56:23.433372,9999-12-31 00:00:00,2026-03-26 23:56:23.433372,2026-03-26 23:56:23.433372,u8537748
140,A4861,"Northland Securities, Inc.",MN,Broker Dealer/Municipal Advisor,0a46ce3f8d0ab43f2f3186de29381b9f,2026-03-26 23:56:23.433372,9999-12-31 00:00:00,2026-03-26 23:56:23.433372,2026-03-26 23:56:23.433372,u8537748
23,A4865,EFG Capital International Corp,FL,Broker Dealer,a97188e92dda5a36068313cefe6d4319,2026-03-26 23:56:23.433372,9999-12-31 00:00:00,2026-03-26 23:56:23.433372,2026-03-26 23:56:23.433372,u8537748
698,A4887,Sentinel Brokers Company,FL,Broker Dealer,373aad36412125a80555d75190470565,2026-03-26 23:56:23.433372,9999-12-31 00:00:00,2026-03-26 23:56:23.433372,2026-03-26 23:56:23.433372,u8537748
448,A4890,Northern Capital Securities Corporation,MA,Broker Dealer,86003db031dcf7ca5a8655865264be41,2026-03-26 23:56:23.433372,9999-12-31 00:00:00,2026-03-26 23:56:23.433372,2026-03-26 23:56:23.433372,u8537748
323,A4892,A.Bridge-Realvest Securities Corp.,NJ,Broker Dealer/Municipal Advisor,fef7235f76e035d86440dbd03f9a702f,2026-03-26 23:56:23.433372,9999-12-31 00:00:00,2026-03-26 23:56:23.433372,2026-03-26 23:56:23.433372,u8537748
860,A4908,"DMK ADVISOR GROUP, INC",FL,Broker Dealer,d71927b1e26e04c5f8c09432003cf227,2026-03-26 23:56:23.433372,9999-12-31 00:00:00,2026-03-26 23:56:23.433372,2026-03-26 23:56:23.433372,u8537748
176,A4912,"PMA Securities, LLC",IL,Broker Dealer/Municipal Advisor,95a83cf9db650ceb607d52850a88d315,2026-03-26 23:56:23.433372,9999-12-31 00:00:00,2026-03-26 23:56:23.433372,2026-03-26 23:56:23.433372,u8537748
353,A4916,"Corinthian Partners, L.L.C.",NY,Broker Dealer,4c8bc38cffafa910d487d4d8dcb9373c,2026-03-26 23:56:23.433372,9999-12-31 00:00:00,2026-03-26 23:56:23.433372,2026-03-26 23:56:23.433372,u8537748
846,A4970,"Global Brokerage Services, Inc",MD,Broker Dealer,3fbe218fd3ff9cddfebf885bfcdc1bea,2026-03-26 23:56:23.433372,9999-12-31 00:00:00,2026-03-26 23:56:23.433372,2026-03-26 23:56:23.433372,u8537748
319,A4971,TradeStation Securities,FL,Broker Dealer,52d087ee096c587747676e7c10a136db,2026-03-26 23:56:23.433372,9999-12-31 00:00:00,2026-03-26 23:56:23.433372,2026-03-26 23:56:23.433372,u8537748
162,A4973,Santander Securities LLC,MA,Broker Dealer,d06b7e36ae687cfdef35c427b4fc1781,2026-03-26 23:56:23.433372,9999-12-31 00:00:00,2026-03-26 23:56:23.433372,2026-03-26 23:56:23.433372,u8537748
64,A4978,J Alden Associates,PA,Broker Dealer,8341f0ad4b5972ba63786f6fb51ae2d2,2026-03-26 23:56:23.433372,9999-12-31 00:00:00,2026-03-26 23:56:23.433372,2026-03-26 23:56:23.433372,u8537748
567,A4981,"Heim, Young & Associates, Inc.",MO,Broker Dealer,257851e888d0e881e810aa21a8b60624,2026-03-26 23:56:23.433372,9999-12-31 00:00:00,2026-03-26 23:56:23.433372,2026-03-26 23:56:23.433372,u8537748
744,A4990,"The Jeffrey Matthews Financial Group, L.L.C.",NJ,Broker Dealer,f4a7d444227d0ae3df6a74d32556ebf2,2026-03-26 23:56:23.433372,9999-12-31 00:00:00,2026-03-26 23:56:23.433372,2026-03-26 23:56:23.433372,u8537748
547,A4993,"First Tryon Securities, LLC",NC,Broker Dealer,06d461987a2b156dd9cd609f5e7ce495,2026-03-26 23:56:23.433372,9999-12-31 00:00:00,2026-03-26 23:56:23.433372,2026-03-26 23:56:23.433372,u8537748
256,A5021,"Oberweis Securities, Inc.",IL,Broker Dealer,6ec30fb623ed62a025de8fabeefc80ea,2026-03-26 23:56:23.433372,9999-12-31 00:00:00,2026-03-26 23:56:23.433372,2026-03-26 23:56:23.433372,u8537748
80,A5030,Arvest Wealth Management,AR,Broker Dealer,0078b3150c4ef55462bdf5849799a734,2026-03-26 23:56:23.433372,9999-12-31 00:00:00,2026-03-26 23:56:23.433372,2026-03-26 23:56:23.433372,u8537748
366,A5034,"Thrivent Investment Management, Inc.",MN,Broker Dealer,0916fff79c6d5908959d99b907ec538d,2026-03-26 23:56:23.433372,9999-12-31 00:00:00,2026-03-26 23:56:23.433372,2026-03-26 23:56:23.433372,u8537748
218,A5045,A.G.P. / Alliance Global Partners Corp.,CT,Broker Dealer,d690085a97d3cfc4c8170dd343eb77e1,2026-03-26 23:56:23.433372,9999-12-31 00:00:00,2026-03-26 23:56:23.433372,2026-03-26 23:56:23.433372,u8537748
265,A5061,"Higgins Capital Management, Inc.",CA,Broker Dealer,a8d267c383e3318018b30ad7f6ff6260,2026-03-26 23:56:23.433372,9999-12-31 00:00:00,2026-03-26 23:56:23.433372,2026-03-26 23:56:23.433372,u8537748
348,A5064,"Capital Investment Brokerage, Inc.",NC,Broker Dealer,90a2ce1f80efbadfcf1dae17aab12e75,2026-03-26 23:56:23.433372,9999-12-31 00:00:00,2026-03-26 23:56:23.433372,2026-03-26 23:56:23.433372,u8537748
330,A5065,"Investment Planners, Inc.",IL,Broker Dealer,12ef71fcf9834616f7b98e178fe5ad26,2026-03-26 23:56:23.433372,9999-12-31 00:00:00,2026-03-26 23:56:23.433372,2026-03-26 23:56:23.433372,u8537748
408,A5070,"Navaid Financial Services, Inc.",NJ,Broker Dealer,f3218e69ae9d5eca36b06e6f04a9394f,2026-03-26 23:56:23.433372,9999-12-31 00:00:00,2026-03-26 23:56:23.433372,2026-03-26 23:56:23.433372,u8537748
835,A5073,"The Oak Ridge Financial Services Group, Inc.",MN,Broker Dealer,bb1291e5544d214efd64eed20a65c24e,2026-03-26 23:56:23.433372,9999-12-31 00:00:00,2026-03-26 23:56:23.433372,2026-03-26 23:56:23.433372,u8537748
93,A5074,"Siebert Williams Shank & Co., LLC",NY,Broker Dealer/Municipal Advisor,af590f956d9ec3df4833d77ea905ad25,2026-03-26 23:56:23.433372,9999-12-31 00:00:00,2026-03-26 23:56:23.433372,2026-03-26 23:56:23.433372,u8537748
836,A5088,"Lieblong & Associates, Inc.",AR,Broker Dealer,ababea25ad82f928da95a38409977dfe,2026-03-26 23:56:23.433372,9999-12-31 00:00:00,2026-03-26 23:56:23.433372,2026-03-26 23:56:23.433372,u8537748
722,A5098,"WesBanco Securities, Inc.",OH,Broker Dealer,e4f6b12586095f06726a8322e51b0cd4,2026-03-26 23:56:23.433372,9999-12-31 00:00:00,2026-03-26 23:56:23.433372,2026-03-26 23:56:23.433372,u8537748
543,A5111,"Southeast Investments, N.C. Inc.",NC,Broker Dealer,237c98dd8a4595609e62800fdb1aad26,2026-03-26 23:56:23.433372,9999-12-31 00:00:00,2026-03-26 23:56:23.433372,2026-03-26 23:56:23.433372,u8537748
468,A5125,Florida Atlantic Secs. Corp.,FL,Broker Dealer,8b34c4ed3825772f09159c855a3186b3,2026-03-26 23:56:23.433372,9999-12-31 00:00:00,2026-03-26 23:56:23.433372,2026-03-26 23:56:23.433372,u8537748
591,A5139,"Loop Capital Markets, L.L.C.",IL,Broker Dealer,8fe541b299fa017af2b50b8bdc8c6294,2026-03-26 23:56:23.433372,9999-12-31 00:00:00,2026-03-26 23:56:23.433372,2026-03-26 23:56:23.433372,u8537748
599,A5141,"JH Darbie & Co., Inc.",NY,Broker Dealer,82e04bfcd071fc1faba31f23b78a9f69,2026-03-26 23:56:23.433372,9999-12-31 00:00:00,2026-03-26 23:56:23.433372,2026-03-26 23:56:23.433372,u8537748
72,A5142,"Uhlmann Price Securities, LLC",IL,Broker Dealer,85e1062e233f238aa67f2e1f5b5c2c30,2026-03-26 23:56:23.433372,9999-12-31 00:00:00,2026-03-26 23:56:23.433372,2026-03-26 23:56:23.433372,u8537748
186,A5148,"Imperial Capital, LLC",CA,Broker Dealer,cdf86692bab3f1dc2a8d864424b2be37,2026-03-26 23:56:23.433372,9999-12-31 00:00:00,2026-03-26 23:56:23.433372,2026-03-26 23:56:23.433372,u8537748
871,A5164,Joseph Gunnar & Co. LLC,NY,Broker Dealer,19745f60f0aaab6a41f8a6ab4effda4a,2026-03-26 23:56:23.433372,9999-12-31 00:00:00,2026-03-26 23:56:23.433372,2026-03-26 23:56:23.433372,u8537748
780,A5177,"Nations Financial Group, Inc.",IA,Broker Dealer,fb501e277dd0bd9b1efd60b38e4a9f42,2026-03-26 23:56:23.433372,9999-12-31 00:00:00,2026-03-26 23:56:23.433372,2026-03-26 23:56:23.433372,u8537748
631,A5185,SEI Investments Distribution Co,PA,Broker Dealer,1642957ea4e0e9b15f3f059f35c8fef4,2026-03-26 23:56:23.433372,9999-12-31 00:00:00,2026-03-26 23:56:23.433372,2026-03-26 23:56:23.433372,u8537748
8,A5189,"First Citizens Investor Services, Inc.",NC,Broker Dealer,f9788fc1cfaf9a9a1835ce90338c9315,2026-03-26 23:56:23.433372,9999-12-31 00:00:00,2026-03-26 23:56:23.433372,2026-03-26 23:56:23.433372,u8537748
101,A5214,Memphis Capital,TN,Broker Dealer,09be0533144ab5afee0b744ab5cae0df,2026-03-26 23:56:23.433372,9999-12-31 00:00:00,2026-03-26 23:56:23.433372,2026-03-26 23:56:23.433372,u8537748
220,A5223,"Valmark Securities, Inc.",OH,Broker Dealer,98a66b35efe78c56a841bc4f9086bc39,2026-03-26 23:56:23.433372,9999-12-31 00:00:00,2026-03-26 23:56:23.433372,2026-03-26 23:56:23.433372,u8537748
403,A5227,"OneAmerica Securities, Inc.",IN,Broker Dealer,29b358e6d21a242f288e68f8b43bf092,2026-03-26 23:56:23.433372,9999-12-31 00:00:00,2026-03-26 23:56:23.433372,2026-03-26 23:56:23.433372,u8537748
299,A5232,Jefferies LLC,NY,Broker Dealer,05eaca650a111e11dbc3baa72e0a3d5d,2026-03-26 23:56:23.433372,9999-12-31 00:00:00,2026-03-26 23:56:23.433372,2026-03-26 23:56:23.433372,u8537748
712,A5238,"Port Securities, Inc.",CA,Broker Dealer,0da02f971dda2095c5e6b12586fcb980,2026-03-26 23:56:23.433372,9999-12-31 00:00:00,2026-03-26 23:56:23.433372,2026-03-26 23:56:23.433372,u8537748
640,A5240,"Frost Brokerage Services, Inc.",TX,Broker Dealer,24be9dfda9615b500e73c7f1f0732796,2026-03-26 23:56:23.433372,9999-12-31 00:00:00,2026-03-26 23:56:23.433372,2026-03-26 23:56:23.433372,u8537748
680,A5246,"USI Securities, Inc.",CT,Broker Dealer,2477baa4ae6f77cbafdb992b7d6d48bd,2026-03-26 23:56:23.433372,9999-12-31 00:00:00,2026-03-26 23:56:23.433372,2026-03-26 23:56:23.433372,u8537748
349,A5250,"Kovack Securities, Inc.",FL,Broker Dealer,01ff7bc09d4388b60f0f1d9191b7cfe4,2026-03-26 23:56:23.433372,9999-12-31 00:00:00,2026-03-26 23:56:23.433372,2026-03-26 23:56:23.433372,u8537748
579,A5262,Leerink Partners LLC,MA,Broker Dealer,b301c6559b664c6f63f038a35789ea9f,2026-03-26 23:56:23.433372,9999-12-31 00:00:00,2026-03-26 23:56:23.433372,2026-03-26 23:56:23.433372,u8537748
573,A5273,"Kestra Investment Services, LLC",TX,Broker Dealer,0773cb7f9ce4b974fa4f91fc657c5834,2026-03-26 23:56:23.433372,9999-12-31 00:00:00,2026-03-26 23:56:23.433372,2026-03-26 23:56:23.433372,u8537748
713,A5276,"Centaurus Financial, Inc.",CA,Broker Dealer,f05769ee39c26027734973c680facb9a,2026-03-26 23:56:23.433372,9999-12-31 00:00:00,2026-03-26 23:56:23.433372,2026-03-26 23:56:23.433372,u8537748
315,A5286,"Pruco Securities, LLC",NJ,Broker Dealer,5eda0e8a031452992542ee7a0e313c55,2026-03-26 23:56:23.433372,9999-12-31 00:00:00,2026-03-26 23:56:23.433372,2026-03-26 23:56:23.433372,u8537748
402,A5294,Arlington Securities Inc.,MO,Broker Dealer,f64ef1570c11c165ab1cd975c4ddb509,2026-03-26 23:56:23.433372,9999-12-31 00:00:00,2026-03-26 23:56:23.433372,2026-03-26 23:56:23.433372,u8537748
884,A5315,Gladowsky Capital Mgmt. Corp.,NY,Broker Dealer,d3302803702f7bdf7eeef9883be34b80,2026-03-26 23:56:23.433372,9999-12-31 00:00:00,2026-03-26 23:56:23.433372,2026-03-26 23:56:23.433372,u8537748
710,A5316,Herndon Plant Oakley Ltd.,TX,Broker Dealer,8746d04c41a9aa6927f483924a61971c,2026-03-26 23:56:23.433372,9999-12-31 00:00:00,2026-03-26 23:56:23.433372,2026-03-26 23:56:23.433372,u8537748
714,A5322,"Lesko Securities, Inc.",NY,Broker Dealer,9d6b54d865c659caef1e8b830097b1f0,2026-03-26 23:56:23.433372,9999-12-31 00:00:00,2026-03-26 23:56:23.433372,2026-03-26 23:56:23.433372,u8537748
628,A5325,"CoreCap Investments, LLC",MI,Broker Dealer,e2aa71ca3a65f2489d19353baec70c1a,2026-03-26 23:56:23.433372,9999-12-31 00:00:00,2026-03-26 23:56:23.433372,2026-03-26 23:56:23.433372,u8537748
196,A5341,"TIAA -CREF Indivdl Inst'l Svcs, LLC",NC,Broker Dealer,5512f996ac170a0bacbe4e0719aaab7a,2026-03-26 23:56:23.433372,9999-12-31 00:00:00,2026-03-26 23:56:23.433372,2026-03-26 23:56:23.433372,u8537748
522,A5343,"Brinker Capital Securities, LLC",PA,Broker Dealer,a0e638546eb36d8b806c6a13a9642b92,2026-03-26 23:56:23.433372,9999-12-31 00:00:00,2026-03-26 23:56:23.433372,2026-03-26 23:56:23.433372,u8537748
312,A5351,"Federated Securities, Inc.",NY,Broker Dealer,e8234bd84d10d6672ec92b28145115fb,2026-03-26 23:56:23.433372,9999-12-31 00:00:00,2026-03-26 23:56:23.433372,2026-03-26 23:56:23.433372,u8537748
360,A5361,"Holistic Brokerage, LLC.",FL,Broker Dealer,6431e24bcbcef5ea9cce2843b621f2f3,2026-03-26 23:56:23.433372,9999-12-31 00:00:00,2026-03-26 23:56:23.433372,2026-03-26 23:56:23.433372,u8537748
416,A5374,"KR Securities, LLC",NJ,Broker Dealer,b84fb6cd2062837ee992430da8e55ee6,2026-03-26 23:56:23.433372,9999-12-31 00:00:00,2026-03-26 23:56:23.433372,2026-03-26 23:56:23.433372,u8537748
845,A5383,Park Avenue Securities,NY,Broker Dealer,cdc637a5db22ca0f9700e09a101c41b9,2026-03-26 23:56:23.433372,9999-12-31 00:00:00,2026-03-26 23:56:23.433372,2026-03-26 23:56:23.433372,u8537748
384,A5397,Washington Securities Corp.,MD,Broker Dealer,47926297199fd2af7c8f29c29ebc7d5d,2026-03-26 23:56:23.433372,9999-12-31 00:00:00,2026-03-26 23:56:23.433372,2026-03-26 23:56:23.433372,u8537748
790,A5399,"Garden State Securities, Inc.",NJ,Broker Dealer,5bad1d1af982d66fdad27879f17bc73d,2026-03-26 23:56:23.433372,9999-12-31 00:00:00,2026-03-26 23:56:23.433372,2026-03-26 23:56:23.433372,u8537748
126,A5402,"Trade-PMR, Inc.",FL,Broker Dealer,5d7cfd70efc2ab512edaf6bb447091c0,2026-03-26 23:56:23.433372,9999-12-31 00:00:00,2026-03-26 23:56:23.433372,2026-03-26 23:56:23.433372,u8537748
104,A5405,"World Choice Securities, Inc.",OH,Broker Dealer,bf8ae0fc0fbf8b4ea9f3f3c954fef022,2026-03-26 23:56:23.433372,9999-12-31 00:00:00,2026-03-26 23:56:23.433372,2026-03-26 23:56:23.433372,u8537748
520,A5409,Firstrade Securities Inc.,NY,Broker Dealer,927fa684d3ed3ffeed9043059fb7f434,2026-03-26 23:56:23.433372,9999-12-31 00:00:00,2026-03-26 23:56:23.433372,2026-03-26 23:56:23.433372,u8537748
771,A5434,"Advisors Asset Management, Inc.",CO,Broker Dealer,5db2982096cb6ac6b0d731ba769fd24e,2026-03-26 23:56:23.433372,9999-12-31 00:00:00,2026-03-26 23:56:23.433372,2026-03-26 23:56:23.433372,u8537748
99,A5441,"World Equity Group, Inc.",IL,Broker Dealer,aadfed5b65bcbeadd2a70e4d118515e2,2026-03-26 23:56:23.433372,9999-12-31 00:00:00,2026-03-26 23:56:23.433372,2026-03-26 23:56:23.433372,u8537748
581,A5444,Securities Equity Group,CA,Broker Dealer,9cb177ce524a7d69e7762b74170bf10e,2026-03-26 23:56:23.433372,9999-12-31 00:00:00,2026-03-26 23:56:23.433372,2026-03-26 23:56:23.433372,u8537748
606,A5446,"Silver Oak Securities, Incorporated",TN,Broker Dealer,692f48c80a3953ee35739b3cffffc249,2026-03-26 23:56:23.433372,9999-12-31 00:00:00,2026-03-26 23:56:23.433372,2026-03-26 23:56:23.433372,u8537748
275,A5468,"Girard Investment Services, LLC",PA,Broker Dealer,891a7404aae07a1ca6646a0fa901e09e,2026-03-26 23:56:23.433372,9999-12-31 00:00:00,2026-03-26 23:56:23.433372,2026-03-26 23:56:23.433372,u8537748
693,A5476,SG Long & Company,MT,Broker Dealer,d6291fff18d57b8c26b11c397dae5968,2026-03-26 23:56:23.433372,9999-12-31 00:00:00,2026-03-26 23:56:23.433372,2026-03-26 23:56:23.433372,u8537748
521,A5489,"Polar Investment Counsel, Inc.",MN,Broker Dealer,188994c91525f64d94b074c6140c5f65,2026-03-26 23:56:23.433372,9999-12-31 00:00:00,2026-03-26 23:56:23.433372,2026-03-26 23:56:23.433372,u8537748
470,A5490,LANDAAS & COMPANY,WI,Broker Dealer,0915a72d9ea37c5787f7680dabd3c12f,2026-03-26 23:56:23.433372,9999-12-31 00:00:00,2026-03-26 23:56:23.433372,2026-03-26 23:56:23.433372,u8537748
214,A5497,"Thoroughbred Financial Services, LLC",TN,Broker Dealer,d08ff9c6d4d5650fdab9bea25a448c43,2026-03-26 23:56:23.433372,9999-12-31 00:00:00,2026-03-26 23:56:23.433372,2026-03-26 23:56:23.433372,u8537748
753,A5498,"B. B. Graham & Co., Inc.",CA,Broker Dealer,98e8f97d33b7f2e055921e4028c765af,2026-03-26 23:56:23.433372,9999-12-31 00:00:00,2026-03-26 23:56:23.433372,2026-03-26 23:56:23.433372,u8537748
926,A5503,APW Capital Updated Inc.,NJ,Broker Dealer,81b4462c9467a4af09546b14c8c0006c,2026-03-26 23:57:26.958936,9999-12-31 00:00:00,2026-03-26 23:56:23.433372,2026-03-26 23:57:26.958936,u8537748
675,A5508,Midwestern Secs Trading Co LLC,IL,Broker Dealer,38b1d80b2f5a4e0a14c98e2d32d6e868,2026-03-26 23:56:23.433372,9999-12-31 00:00:00,2026-03-26 23:56:23.433372,2026-03-26 23:56:23.433372,u8537748
576,A5525,"Hantz Financial Services, Inc.",MI,Broker Dealer,a2cf0e60fee1d660537ea14ff28079a0,2026-03-26 23:56:23.433372,9999-12-31 00:00:00,2026-03-26 23:56:23.433372,2026-03-26 23:56:23.433372,u8537748
827,A5560,"M Holdings Securities, Inc.",OR,Broker Dealer,1ec7b2d319af4f6cb33f0f9eec3bb427,2026-03-26 23:56:23.433372,9999-12-31 00:00:00,2026-03-26 23:56:23.433372,2026-03-26 23:56:23.433372,u8537748
906,A5564,"City National Securities, Inc.",CA,Broker Dealer,f2c5cfab7675f3613c3aeec59a04deb1,2026-03-26 23:56:23.433372,9999-12-31 00:00:00,2026-03-26 23:56:23.433372,2026-03-26 23:56:23.433372,u8537748
277,A5567,"PKS Securities, Inc.",NY,Broker Dealer,5f70c02c6334e8c8eecc2ed663015a34,2026-03-26 23:56:23.433372,9999-12-31 00:00:00,2026-03-26 23:56:23.433372,2026-03-26 23:56:23.433372,u8537748
292,A5571,USCA Securities LLC,TX,Broker Dealer,7dc8bf8c0862a2a194e432385d3b9584,2026-03-26 23:56:23.433372,9999-12-31 00:00:00,2026-03-26 23:56:23.433372,2026-03-26 23:56:23.433372,u8537748
863,A5574,"Maplewood Investments, Inc.",TX,Broker Dealer,9bb3a37cd472cdd260bce7089887f2df,2026-03-26 23:56:23.433372,9999-12-31 00:00:00,2026-03-26 23:56:23.433372,2026-03-26 23:56:23.433372,u8537748
201,A5582,"Financial Sense Securities, Inc.",CA,Broker Dealer,bf5dad9ce61d13fcd2ef74acc2942fc1,2026-03-26 23:56:23.433372,9999-12-31 00:00:00,2026-03-26 23:56:23.433372,2026-03-26 23:56:23.433372,u8537748
785,A5618,Broad Street Capital Markets LLC,NJ,Broker Dealer,b8f1a513a3215ac1879d00825424b10f,2026-03-26 23:56:23.433372,9999-12-31 00:00:00,2026-03-26 23:56:23.433372,2026-03-26 23:56:23.433372,u8537748
776,A5638,M.S. Howells & Co.,AZ,Broker Dealer,3127bd292e9816229616f48da04d91b9,2026-03-26 23:56:23.433372,9999-12-31 00:00:00,2026-03-26 23:56:23.433372,2026-03-26 23:56:23.433372,u8537748
424,A5639,"The Rockwell Financial Group Inc,",NY,Broker Dealer,dde18ef0605b0c019f80ce36f4af816b,2026-03-26 23:56:23.433372,9999-12-31 00:00:00,2026-03-26 23:56:23.433372,2026-03-26 23:56:23.433372,u8537748
506,A5644,Tradition Securities and Derivatives LLC,NY,Broker Dealer,a4229423cb88ab7af750abf70c281cd5,2026-03-26 23:56:23.433372,9999-12-31 00:00:00,2026-03-26 23:56:23.433372,2026-03-26 23:56:23.433372,u8537748
538,A5647,"Superior Financial Services, Inc.",WI,Broker Dealer,eb7e86e20d7e90a2931b3ea2d49c65ae,2026-03-26 23:56:23.433372,9999-12-31 00:00:00,2026-03-26 23:56:23.433372,2026-03-26 23:56:23.433372,u8537748
236,A5652,"VALIC Financial Advisors, Inc",TX,Broker Dealer,ada75f862de255d49175a7cf7640c4b6,2026-03-26 23:56:23.433372,9999-12-31 00:00:00,2026-03-26 23:56:23.433372,2026-03-26 23:56:23.433372,u8537748
238,A5671,Flagstar Advisors,NY,Broker Dealer,dbe6bc6a9f0c44f37aef8bad5569ccab,2026-03-26 23:56:23.433372,9999-12-31 00:00:00,2026-03-26 23:56:23.433372,2026-03-26 23:56:23.433372,u8537748
171,A5676,"White Mountain Capital, LLC",FL,Broker Dealer,bb7a90c644f9ed0ab9d2dafcf808414a,2026-03-26 23:56:23.433372,9999-12-31 00:00:00,2026-03-26 23:56:23.433372,2026-03-26 23:56:23.433372,u8537748
185,A5689,Trident Partners Ltd.,NY,Broker Dealer,7b0a6a5e8f4b14011e098b96312f0bc0,2026-03-26 23:56:23.433372,9999-12-31 00:00:00,2026-03-26 23:56:23.433372,2026-03-26 23:56:23.433372,u8537748
194,A5694,"AllianceBernstein Investments, Inc.",TN,Broker Dealer,e940eda5b71b81c64d391f9e22f23a06,2026-03-26 23:56:23.433372,9999-12-31 00:00:00,2026-03-26 23:56:23.433372,2026-03-26 23:56:23.433372,u8537748
886,A5706,"Allstate Financial Svcs., LLC",NE,Broker Dealer,8b895ee958715a323c252ccae4b96903,2026-03-26 23:56:23.433372,9999-12-31 00:00:00,2026-03-26 23:56:23.433372,2026-03-26 23:56:23.433372,u8537748
822,A5709,"Ascensus Broker Dealer Services, LLC",MA,Broker Dealer,e10c4ebd565ac1b9a27cdcd6ce9c0e27,2026-03-26 23:56:23.433372,9999-12-31 00:00:00,2026-03-26 23:56:23.433372,2026-03-26 23:56:23.433372,u8537748
613,A5729,"CFS Securities, Inc.",CT,Broker Dealer,2036250ee9e97b0ab9f66512452c2eb1,2026-03-26 23:56:23.433372,9999-12-31 00:00:00,2026-03-26 23:56:23.433372,2026-03-26 23:56:23.433372,u8537748
65,A5732,Sanderlin Securities LLC,TN,Broker Dealer,63a869ee13c587433552da23deb41750,2026-03-26 23:56:23.433372,9999-12-31 00:00:00,2026-03-26 23:56:23.433372,2026-03-26 23:56:23.433372,u8537748
572,A5733,"Valley Financial Management, Inc.",NY,Broker Dealer,3cfa834589887911d1f03bee5084b562,2026-03-26 23:56:23.433372,9999-12-31 00:00:00,2026-03-26 23:56:23.433372,2026-03-26 23:56:23.433372,u8537748
686,A5738,"Municipal Capital Markets Group, Inc.",TX,Broker Dealer/Municipal Advisor,fa2af9e481dc7c5822d880f74c4dfb03,2026-03-26 23:56:23.433372,9999-12-31 00:00:00,2026-03-26 23:56:23.433372,2026-03-26 23:56:23.433372,u8537748
419,A5740,"Scott James Group, Inc.",VA,Broker Dealer,76e36f3e6fe2d086c8771a19fccce69f,2026-03-26 23:56:23.433372,9999-12-31 00:00:00,2026-03-26 23:56:23.433372,2026-03-26 23:56:23.433372,u8537748
138,A5752,Fidelity Distributors Company LLC,RI,Broker Dealer,1c69e7a1a97686f29bec5f42a4eed91d,2026-03-26 23:56:23.433372,9999-12-31 00:00:00,2026-03-26 23:56:23.433372,2026-03-26 23:56:23.433372,u8537748
580,A5754,Richard Brothers Securities,ME,Broker Dealer,4ec152def998a8b751303080f3864d14,2026-03-26 23:56:23.433372,9999-12-31 00:00:00,2026-03-26 23:56:23.433372,2026-03-26 23:56:23.433372,u8537748
764,A5760,LifeMark Securities Corp,NY,Broker Dealer,463e9d2ce74ce3f0bbe76165aae21cd6,2026-03-26 23:56:23.433372,9999-12-31 00:00:00,2026-03-26 23:56:23.433372,2026-03-26 23:56:23.433372,u8537748
230,A5767,"Preferred Client Group, Inc.",TX,Broker Dealer,ad25d04dabe10afdcc71f69ac8c6f7f2,2026-03-26 23:56:23.433372,9999-12-31 00:00:00,2026-03-26 23:56:23.433372,2026-03-26 23:56:23.433372,u8537748
381,A5772,"CFD Investments, Inc.",IN,Broker Dealer,05e10a328f6a6f2a38dba00f796a9d9b,2026-03-26 23:56:23.433372,9999-12-31 00:00:00,2026-03-26 23:56:23.433372,2026-03-26 23:56:23.433372,u8537748
289,A5773,Tradeweb Direct LLC,NY,Broker Dealer,77fe80b48a4c1bb5e1e6d00cbb900336,2026-03-26 23:56:23.433372,9999-12-31 00:00:00,2026-03-26 23:56:23.433372,2026-03-26 23:56:23.433372,u8537748
344,A5779,"PTI Securities & Futures, L.P.",IL,Broker Dealer,304bbd82b52f2c83c8fb2d483e5a7177,2026-03-26 23:56:23.433372,9999-12-31 00:00:00,2026-03-26 23:56:23.433372,2026-03-26 23:56:23.433372,u8537748
803,A5786,US Boston Capital Corporation,MA,Broker Dealer,7ca671240c0e104345ed2f855778a426,2026-03-26 23:56:23.433372,9999-12-31 00:00:00,2026-03-26 23:56:23.433372,2026-03-26 23:56:23.433372,u8537748
243,A5796,"World Capital Brokerage, Inc.",CO,Broker Dealer,0ea8246fcca03e7a0c60d8c8d109594a,2026-03-26 23:56:23.433372,9999-12-31 00:00:00,2026-03-26 23:56:23.433372,2026-03-26 23:56:23.433372,u8537748
462,A5797,Institutional Securities Corp.,TX,Broker Dealer,14530622532eac4a41a88b0107b88512,2026-03-26 23:56:23.433372,9999-12-31 00:00:00,2026-03-26 23:56:23.433372,2026-03-26 23:56:23.433372,u8537748
892,A5798,"Mutual of Omaha Investor Services, Inc.",NE,Broker Dealer,c167a71397cf86a81b515ea0d6e4891d,2026-03-26 23:56:23.433372,9999-12-31 00:00:00,2026-03-26 23:56:23.433372,2026-03-26 23:56:23.433372,u8537748
308,A5799,PlanMember Securities Corp.,CA,Broker Dealer,3870278ffbeffdc535a224021a5ee838,2026-03-26 23:56:23.433372,9999-12-31 00:00:00,2026-03-26 23:56:23.433372,2026-03-26 23:56:23.433372,u8537748
465,A5803,"VISION BROKERAGE SERVICES, LLC",CT,Broker Dealer,de7645330bb4e75a5e51bde85f56178d,2026-03-26 23:56:23.433372,9999-12-31 00:00:00,2026-03-26 23:56:23.433372,2026-03-26 23:56:23.433372,u8537748
300,A5820,"MWA Financial Services, Inc.",IL,Broker Dealer,709f7131360431a213c0283350ec2cd9,2026-03-26 23:56:23.433372,9999-12-31 00:00:00,2026-03-26 23:56:23.433372,2026-03-26 23:56:23.433372,u8537748
453,A5828,PFS Investments Inc.,GA,Broker Dealer,972430852f5ead3558df21602cb4ddc0,2026-03-26 23:56:23.433372,9999-12-31 00:00:00,2026-03-26 23:56:23.433372,2026-03-26 23:56:23.433372,u8537748
113,A5833,Newbridge Securities Corporation,FL,Broker Dealer,f20076d80f3808416cad84e2219b656d,2026-03-26 23:56:23.433372,9999-12-31 00:00:00,2026-03-26 23:56:23.433372,2026-03-26 23:56:23.433372,u8537748
809,A5836,"U.S. Brokerage, Inc.",OH,Broker Dealer,cc6a71335c05a237d69c89f0e62b9a9c,2026-03-26 23:56:23.433372,9999-12-31 00:00:00,2026-03-26 23:56:23.433372,2026-03-26 23:56:23.433372,u8537748
449,A5839,"MFS Fund Distributors, Inc.",MA,Broker Dealer,9e0bd35f713b8802aaa937711c8cfd51,2026-03-26 23:56:23.433372,9999-12-31 00:00:00,2026-03-26 23:56:23.433372,2026-03-26 23:56:23.433372,u8537748
175,A5840,John Hancock Distributors LLC,MA,Broker Dealer,8d47525befe5a4ccfcef41766b18760a,2026-03-26 23:56:23.433372,9999-12-31 00:00:00,2026-03-26 23:56:23.433372,2026-03-26 23:56:23.433372,u8537748
267,A5843,Packerland Brokerage Services,WI,Broker Dealer,6fe15dc5e549568225efd20850c64be2,2026-03-26 23:56:23.433372,9999-12-31 00:00:00,2026-03-26 23:56:23.433372,2026-03-26 23:56:23.433372,u8537748
373,A5857,"Farmers Financial Solutions, LLC",CA,Broker Dealer,73a64c3264100a14320502c235be56f5,2026-03-26 23:56:23.433372,9999-12-31 00:00:00,2026-03-26 23:56:23.433372,2026-03-26 23:56:23.433372,u8537748
405,A5859,"Feldstein Financial Group, LLC",NJ,Broker Dealer,51d85e607d1bd2ec8880b69b53496382,2026-03-26 23:56:23.433372,9999-12-31 00:00:00,2026-03-26 23:56:23.433372,2026-03-26 23:56:23.433372,u8537748
174,A5860,"Bruce A. Lefavi Securities, Inc.",UT,Broker Dealer,6f1c0a1d7b8521f82c551439ca5162dd,2026-03-26 23:56:23.433372,9999-12-31 00:00:00,2026-03-26 23:56:23.433372,2026-03-26 23:56:23.433372,u8537748
276,A5864,Northwestern Mutual Invmt Svcs,WI,Broker Dealer,8ea7b00b8d10795878246bd906616e09,2026-03-26 23:56:23.433372,9999-12-31 00:00:00,2026-03-26 23:56:23.433372,2026-03-26 23:56:23.433372,u8537748
40,A5865,"StateTrust Investments, Inc.",FL,Broker Dealer,dc02bf25b026de3d1d127f2cd58bb541,2026-03-26 23:56:23.433372,9999-12-31 00:00:00,2026-03-26 23:56:23.433372,2026-03-26 23:56:23.433372,u8537748
156,A5874,Financial Telesis Inc.,CA,Broker Dealer,cfe1f766f7ac1a6c692ab920250e67ee,2026-03-26 23:56:23.433372,9999-12-31 00:00:00,2026-03-26 23:56:23.433372,2026-03-26 23:56:23.433372,u8537748
105,A5877,NYLIFE Distributors LLC,NJ,Broker Dealer,6e90a9319a86c7c7b7e191fe9667e6bf,2026-03-26 23:56:23.433372,9999-12-31 00:00:00,2026-03-26 23:56:23.433372,2026-03-26 23:56:23.433372,u8537748
927,A5915,"Fairport Capital, Inc.",AZ,Broker Dealer/Municipal Advisor,ab94bc50e9cb99fde52f25a110ac9d73,2026-03-26 23:57:26.958936,9999-12-31 00:00:00,2026-03-26 23:56:23.433372,2026-03-26 23:57:26.958936,u8537748
804,A5916,"Saxony Securities, Inc.",MO,Broker Dealer,2b4727ffd9621eb33c54ab93175f5076,2026-03-26 23:56:23.433372,9999-12-31 00:00:00,2026-03-26 23:56:23.433372,2026-03-26 23:56:23.433372,u8537748
533,A5924,"Parkland Securities, LLC",MI,Broker Dealer,951e6d0f967f30a5afff5e4866438770,2026-03-26 23:56:23.433372,9999-12-31 00:00:00,2026-03-26 23:56:23.433372,2026-03-26 23:56:23.433372,u8537748
452,A5930,"The Leaders Group, Inc.",NJ,Broker Dealer,d7a597337174c73ae4fe81bfb29d304d,2026-03-26 23:56:23.433372,9999-12-31 00:00:00,2026-03-26 23:56:23.433372,2026-03-26 23:56:23.433372,u8537748
536,A5938,"Invesco Distributors, Inc",TX,Broker Dealer,daf68432c2efe7bc8b756aa27fa9eb04,2026-03-26 23:56:23.433372,9999-12-31 00:00:00,2026-03-26 23:56:23.433372,2026-03-26 23:56:23.433372,u8537748
553,A5940,Seaport Global Securities LLC,NY,Broker Dealer,a09fac8ee0e79f4dea0d71f0cdbcec0c,2026-03-26 23:56:23.433372,9999-12-31 00:00:00,2026-03-26 23:56:23.433372,2026-03-26 23:56:23.433372,u8537748
721,A5948,AXOS CLEARING LLC,NE,Broker Dealer,50dedf7dc185eaddc63f896b1985c06a,2026-03-26 23:56:23.433372,9999-12-31 00:00:00,2026-03-26 23:56:23.433372,2026-03-26 23:56:23.433372,u8537748
25,A5952,"Financial Security Management, Inc.",VA,Broker Dealer,6d450ff8868ecca0fd70392ecce6a904,2026-03-26 23:56:23.433372,9999-12-31 00:00:00,2026-03-26 23:56:23.433372,2026-03-26 23:56:23.433372,u8537748
207,A5959,"NatAlliance Securities, LLC",TX,Broker Dealer,513e0246e5e73c9c28f4e1fea0f5cfa7,2026-03-26 23:56:23.433372,9999-12-31 00:00:00,2026-03-26 23:56:23.433372,2026-03-26 23:56:23.433372,u8537748
303,A5962,Jacques Financial LLC,MD,Broker Dealer,5e3a2fdfa019193bc220b4645997ce86,2026-03-26 23:56:23.433372,9999-12-31 00:00:00,2026-03-26 23:56:23.433372,2026-03-26 23:56:23.433372,u8537748
29,A5964,Correll Co. Investment Services Corp.,IL,Broker Dealer,df6290dba2c9b53a46c91c55c4a444df,2026-03-26 23:56:23.433372,9999-12-31 00:00:00,2026-03-26 23:56:23.433372,2026-03-26 23:56:23.433372,u8537748
55,A5975,"Nelson Securities, Inc.",WA,Broker Dealer,e3ef792fcbac44ee28168a869a140bd3,2026-03-26 23:56:23.433372,9999-12-31 00:00:00,2026-03-26 23:56:23.433372,2026-03-26 23:56:23.433372,u8537748
383,A5979,"Capital Client Group, Inc.",CA,Broker Dealer,ed0f11bcfa788f95a56b8891b0bf9568,2026-03-26 23:56:23.433372,9999-12-31 00:00:00,2026-03-26 23:56:23.433372,2026-03-26 23:56:23.433372,u8537748
748,A5984,"WBB Securities, LLC",CA,Broker Dealer,a73235214f8cef9b7863b1861cb0a091,2026-03-26 23:56:23.433372,9999-12-31 00:00:00,2026-03-26 23:56:23.433372,2026-03-26 23:56:23.433372,u8537748
5,A5988,"Mutual Funds Associates, Inc.",NY,Broker Dealer,1f2665ddcb6b48669e54cc04c23fd912,2026-03-26 23:56:23.433372,9999-12-31 00:00:00,2026-03-26 23:56:23.433372,2026-03-26 23:56:23.433372,u8537748
255,A5989,"Perryman Securities, Inc.",TX,Broker Dealer,9cbcfc6cb2ad93332fe7960c0a7dd8a0,2026-03-26 23:56:23.433372,9999-12-31 00:00:00,2026-03-26 23:56:23.433372,2026-03-26 23:56:23.433372,u8537748
626,A5991,Scottsdale Capital Advisors,AZ,Broker Dealer,7b33c978d19f78405f0ff6e603362bb5,2026-03-26 23:56:23.433372,9999-12-31 00:00:00,2026-03-26 23:56:23.433372,2026-03-26 23:56:23.433372,u8537748
134,A6002,"RNR Securities, L.L.C.",NY,Broker Dealer,1d1577e32f5d5ba64b1109952d90883e,2026-03-26 23:56:23.433372,9999-12-31 00:00:00,2026-03-26 23:56:23.433372,2026-03-26 23:56:23.433372,u8537748
183,A6006,"American Capital Partners, LLC",NY,Broker Dealer,7805e85ace51e86fabe74ef23e41145e,2026-03-26 23:56:23.433372,9999-12-31 00:00:00,2026-03-26 23:56:23.433372,2026-03-26 23:56:23.433372,u8537748
657,A6013,"Sentinel Securities, Inc.",MA,Broker Dealer,4856985e495ae4536a1b2754d8eeda61,2026-03-26 23:56:23.433372,9999-12-31 00:00:00,2026-03-26 23:56:23.433372,2026-03-26 23:56:23.433372,u8537748
592,A6020,"Signature Estate Securities, LLC.",CA,Broker Dealer,a5d71a2c61550b962ef6296d1d758749,2026-03-26 23:56:23.433372,9999-12-31 00:00:00,2026-03-26 23:56:23.433372,2026-03-26 23:56:23.433372,u8537748
457,A6022,"Greenbrier Diversified, Inc.",CA,Broker Dealer,c6afd679125b519cb3f1307633e7d9e0,2026-03-26 23:56:23.433372,9999-12-31 00:00:00,2026-03-26 23:56:23.433372,2026-03-26 23:56:23.433372,u8537748
475,A6025,"UHY CAPITAL GROUP, LLC",MI,Broker Dealer,99ef2e447a6e12545765541fcec06db7,2026-03-26 23:56:23.433372,9999-12-31 00:00:00,2026-03-26 23:56:23.433372,2026-03-26 23:56:23.433372,u8537748
735,A6029,GVC Capital LLC,CO,Broker Dealer,c1ead2097bbff9ebb04f690537f0dac2,2026-03-26 23:56:23.433372,9999-12-31 00:00:00,2026-03-26 23:56:23.433372,2026-03-26 23:56:23.433372,u8537748
145,A6032,"Rogan & Associates, Inc.",FL,Broker Dealer,b301532e24d9f5332a6f92d3e210e7e7,2026-03-26 23:56:23.433372,9999-12-31 00:00:00,2026-03-26 23:56:23.433372,2026-03-26 23:56:23.433372,u8537748
916,A6038,"Laidlaw and Company, UK, Ltd",NY,Broker Dealer,967ecb35b7db86f6aa3aa7ac2aba4170,2026-03-26 23:56:23.433372,9999-12-31 00:00:00,2026-03-26 23:56:23.433372,2026-03-26 23:56:23.433372,u8537748
340,A6051,"D.B. McKenna & Co., Inc.",VT,Broker Dealer,1f9dba3bbeb38ca64bfb66f8bd56c836,2026-03-26 23:56:23.433372,9999-12-31 00:00:00,2026-03-26 23:56:23.433372,2026-03-26 23:56:23.433372,u8537748
808,A6071,"Woodmen Financial Services, Inc.",NE,Broker Dealer,6baefc0ee17fdb506fb77772b1a37db0,2026-03-26 23:56:23.433372,9999-12-31 00:00:00,2026-03-26 23:56:23.433372,2026-03-26 23:56:23.433372,u8537748
86,A6072,Feltl & Company,MN,Broker Dealer,559c122b44cf875523ae180876f0d209,2026-03-26 23:56:23.433372,9999-12-31 00:00:00,2026-03-26 23:56:23.433372,2026-03-26 23:56:23.433372,u8537748
81,A6087,"Geneos Wealth Management, Inc.",CO,Broker Dealer,95b40189598b054bd4b71afa87b7676f,2026-03-26 23:56:23.433372,9999-12-31 00:00:00,2026-03-26 23:56:23.433372,2026-03-26 23:56:23.433372,u8537748
437,A6091,FMN Capital Corporation,CA,Broker Dealer,245eb9f425d2e9d30adc34338999d480,2026-03-26 23:56:23.433372,9999-12-31 00:00:00,2026-03-26 23:56:23.433372,2026-03-26 23:56:23.433372,u8537748
341,A6094,"SKA Securities, Inc.",OH,Broker Dealer,a70c9514e2dac0915202331acef2a59f,2026-03-26 23:56:23.433372,9999-12-31 00:00:00,2026-03-26 23:56:23.433372,2026-03-26 23:56:23.433372,u8537748
920,A6097,"Portfolio Resources Group, Inc.",FL,Broker Dealer,ea0b615231ed884ddf5afd44771af1f2,2026-03-26 23:56:23.433372,9999-12-31 00:00:00,2026-03-26 23:56:23.433372,2026-03-26 23:56:23.433372,u8537748
587,A6101,THOMPSON DAVIS & CO. INC.,VA,Broker Dealer,e9014e3a65e4dd1a93c153a1c6b19a7e,2026-03-26 23:56:23.433372,9999-12-31 00:00:00,2026-03-26 23:56:23.433372,2026-03-26 23:56:23.433372,u8537748
133,A6103,"Nationwide Planning Associates, Inc",NJ,Broker Dealer,3ef63250129255104a30b987e43c2827,2026-03-26 23:56:23.433372,9999-12-31 00:00:00,2026-03-26 23:56:23.433372,2026-03-26 23:56:23.433372,u8537748
480,A6106,Chelsea Financial Services,NY,Broker Dealer,950863fde79618ab42e00cf79bcc2fc1,2026-03-26 23:56:23.433372,9999-12-31 00:00:00,2026-03-26 23:56:23.433372,2026-03-26 23:56:23.433372,u8537748
131,A6107,Alight Financial Solutions LLC,NC,Broker Dealer,2ae6c59c1c4d7354574cb48beedb1b53,2026-03-26 23:56:23.433372,9999-12-31 00:00:00,2026-03-26 23:56:23.433372,2026-03-26 23:56:23.433372,u8537748
92,A6113,DaVinci Capital Management,MA,Broker Dealer,302e245be41eadc940360fe3b064cc76,2026-03-26 23:56:23.433372,9999-12-31 00:00:00,2026-03-26 23:56:23.433372,2026-03-26 23:56:23.433372,u8537748
622,A6114,"IBN Financial Services, Inc.",NY,Broker Dealer,c8dc0b6e0327a175294ea7ea919ef5a6,2026-03-26 23:56:23.433372,9999-12-31 00:00:00,2026-03-26 23:56:23.433372,2026-03-26 23:56:23.433372,u8537748
557,A6117,"Paradigm Equities, Inc.",MI,Broker Dealer,8360af468ec40aa08c8e49e2992c9c3f,2026-03-26 23:56:23.433372,9999-12-31 00:00:00,2026-03-26 23:56:23.433372,2026-03-26 23:56:23.433372,u8537748
501,A6121,"Bates Securities, Inc.",IL,Broker Dealer,9963f33923d09f780748f03634c23bdc,2026-03-26 23:56:23.433372,9999-12-31 00:00:00,2026-03-26 23:56:23.433372,2026-03-26 23:56:23.433372,u8537748
26,A6123,"Tavenner Company, (The)",OH,Broker Dealer,a085de4a155d6cef03874bce7e714974,2026-03-26 23:56:23.433372,9999-12-31 00:00:00,2026-03-26 23:56:23.433372,2026-03-26 23:56:23.433372,u8537748
819,A6128,"WFS, LLC",MA,Broker Dealer,91ecdea1bbb55c6cd9614f8ca979d25a,2026-03-26 23:56:23.433372,9999-12-31 00:00:00,2026-03-26 23:56:23.433372,2026-03-26 23:56:23.433372,u8537748
354,A6134,Union Capital Company,AZ,Broker Dealer,32da5c0dab6a557ae95394a1187f282a,2026-03-26 23:56:23.433372,9999-12-31 00:00:00,2026-03-26 23:56:23.433372,2026-03-26 23:56:23.433372,u8537748
763,A6137,"Northwest Investment Advisors, Inc.",WA,Broker Dealer,fcadee4e2ac524950e665825da6111a7,2026-03-26 23:56:23.433372,9999-12-31 00:00:00,2026-03-26 23:56:23.433372,2026-03-26 23:56:23.433372,u8537748
224,A6138,Aon Securities LLC,IL,Broker Dealer,87d6314ce9774f0220666eed3262ee1e,2026-03-26 23:56:23.433372,9999-12-31 00:00:00,2026-03-26 23:56:23.433372,2026-03-26 23:56:23.433372,u8537748
830,A6140,James T. Borello & Co.,IL,Broker Dealer,6b1c4455be14cfef36b5d0230a859d70,2026-03-26 23:56:23.433372,9999-12-31 00:00:00,2026-03-26 23:56:23.433372,2026-03-26 23:56:23.433372,u8537748
851,A6144,"WestPark Capital, Inc.",CA,Broker Dealer,af1b825f4bfe363bd1ac206dfd8de131,2026-03-26 23:56:23.433372,9999-12-31 00:00:00,2026-03-26 23:56:23.433372,2026-03-26 23:56:23.433372,u8537748
338,A6145,"First Command Brokerage Services, Inc.",TX,Broker Dealer,86fed3e0c4818131bceda8b9d6d4a014,2026-03-26 23:56:23.433372,9999-12-31 00:00:00,2026-03-26 23:56:23.433372,2026-03-26 23:56:23.433372,u8537748
773,A6153,"Nationwide Securities, LLC",OH,Broker Dealer,16dd7aa4dcbe85042458c84c43022995,2026-03-26 23:56:23.433372,9999-12-31 00:00:00,2026-03-26 23:56:23.433372,2026-03-26 23:56:23.433372,u8537748
51,A6154,Maxim Group LLC,NY,Broker Dealer,76b2223acf888dccea256a9fba037e57,2026-03-26 23:56:23.433372,9999-12-31 00:00:00,2026-03-26 23:56:23.433372,2026-03-26 23:56:23.433372,u8537748
89,A6158,"American Century Investment Services, Inc.",MO,Broker Dealer,a9cb13d49266e815500bcf3451364ac8,2026-03-26 23:56:23.433372,9999-12-31 00:00:00,2026-03-26 23:56:23.433372,2026-03-26 23:56:23.433372,u8537748
658,A6172,BNP Paribas Securities Corp.,NY,Broker Dealer,824931569c6ad41dca2195915cdde141,2026-03-26 23:56:23.433372,9999-12-31 00:00:00,2026-03-26 23:56:23.433372,2026-03-26 23:56:23.433372,u8537748
182,A6178,"Nelson Ivest Brokerage Services, Inc.",FL,Broker Dealer,69055db78c4e298eb81127b362a453c2,2026-03-26 23:56:23.433372,9999-12-31 00:00:00,2026-03-26 23:56:23.433372,2026-03-26 23:56:23.433372,u8537748
193,A6180,McNally Financial Services Corporation,TX,Broker Dealer,5228fc63d420f6b4c97d9bb98a62c5b0,2026-03-26 23:56:23.433372,9999-12-31 00:00:00,2026-03-26 23:56:23.433372,2026-03-26 23:56:23.433372,u8537748
79,A6185,MGO Securities Corp.,OH,Broker Dealer,92d87aa91248d0ecf6ac50211a9fd05d,2026-03-26 23:56:23.433372,9999-12-31 00:00:00,2026-03-26 23:56:23.433372,2026-03-26 23:56:23.433372,u8537748
663,A6202,IDB Capital Corp.,NY,Broker Dealer,12a7e88daafaebd45d0e2972ee2763a3,2026-03-26 23:56:23.433372,9999-12-31 00:00:00,2026-03-26 23:56:23.433372,2026-03-26 23:56:23.433372,u8537748
542,A6210,"Vestech Securities, Inc.",MO,Broker Dealer,3b73d1101e1883706230ff85085885ed,2026-03-26 23:56:23.433372,9999-12-31 00:00:00,2026-03-26 23:56:23.433372,2026-03-26 23:56:23.433372,u8537748
510,A6214,Federated Securities Corp.,PA,Broker Dealer,ae2595cbecd5656cbf97a116df369661,2026-03-26 23:56:23.433372,9999-12-31 00:00:00,2026-03-26 23:56:23.433372,2026-03-26 23:56:23.433372,u8537748
637,A6223,"Etico Partners, LLC",NY,Broker Dealer,2a714b8ddcc906c90e653e7c7bbd525a,2026-03-26 23:56:23.433372,9999-12-31 00:00:00,2026-03-26 23:56:23.433372,2026-03-26 23:56:23.433372,u8537748
833,A6224,ACA/Prudent Investors Planning Corporation,NJ,Broker Dealer,1e29e7e1a085ce50253a3b5380ec0097,2026-03-26 23:56:23.433372,9999-12-31 00:00:00,2026-03-26 23:56:23.433372,2026-03-26 23:56:23.433372,u8537748
847,A6230,Western Growers Financial Services,CA,Broker Dealer,9cf14d782fd38cc6909564a3637899a7,2026-03-26 23:56:23.433372,9999-12-31 00:00:00,2026-03-26 23:56:23.433372,2026-03-26 23:56:23.433372,u8537748
546,A6233,"American Financial Associates, Inc.",PA,Broker Dealer,6813d7fa23fbeca620121ac9eb023b98,2026-03-26 23:56:23.433372,9999-12-31 00:00:00,2026-03-26 23:56:23.433372,2026-03-26 23:56:23.433372,u8537748
233,A6234,"PTS Brokerage, LLC",NJ,Broker Dealer,70d4c6b863403bdfdc5b9a271c309511,2026-03-26 23:56:23.433372,9999-12-31 00:00:00,2026-03-26 23:56:23.433372,2026-03-26 23:56:23.433372,u8537748
794,A6238,"Russell Investments Implementation Services, LLC.",WA,Broker Dealer,aa9211e4ff175d34d070db7c80c5a0c1,2026-03-26 23:56:23.433372,9999-12-31 00:00:00,2026-03-26 23:56:23.433372,2026-03-26 23:56:23.433372,u8537748
231,A6248,Essex Securities LLC,NJ,Broker Dealer,1b5ad24b53a0f150a984d080475ee9af,2026-03-26 23:56:23.433372,9999-12-31 00:00:00,2026-03-26 23:56:23.433372,2026-03-26 23:56:23.433372,u8537748
108,A6253,"Leo Brokerage, LLC",TX,Broker Dealer,d89720dfc0eb41a45dc05a94aa5c90b5,2026-03-26 23:56:23.433372,9999-12-31 00:00:00,2026-03-26 23:56:23.433372,2026-03-26 23:56:23.433372,u8537748
620,A6254,"Hudson Heritage Capital Management, Inc.",NY,Broker Dealer,f49ed6099211c313b7b6caadbdabe6c7,2026-03-26 23:56:23.433372,9999-12-31 00:00:00,2026-03-26 23:56:23.433372,2026-03-26 23:56:23.433372,u8537748
427,A6282,"CliftonLarsonAllen Wealth Advisors, LLC",MN,Broker Dealer,54cc2fab0f990ad279a24a8f8b7fde41,2026-03-26 23:56:23.433372,9999-12-31 00:00:00,2026-03-26 23:56:23.433372,2026-03-26 23:56:23.433372,u8537748
306,A6288,"Securities Management Research, Inc.",IA,Broker Dealer,dcba3767369bddd15e9e985a2634d472,2026-03-26 23:56:23.433372,9999-12-31 00:00:00,2026-03-26 23:56:23.433372,2026-03-26 23:56:23.433372,u8537748
760,A6298,"Backstrom McCarley Berry & Co., LLC",CA,Broker Dealer/Municipal Advisor,2632bd4b3861a63ef45a5c6ceae16632,2026-03-26 23:56:23.433372,9999-12-31 00:00:00,2026-03-26 23:56:23.433372,2026-03-26 23:56:23.433372,u8537748
479,A6304,"CW Securities, LLC",TN,Broker Dealer,7433f0b25c8db2582cca49e6ac65f652,2026-03-26 23:56:23.433372,9999-12-31 00:00:00,2026-03-26 23:56:23.433372,2026-03-26 23:56:23.433372,u8537748
838,A6306,"J.W. Cole Financial, Inc.",FL,Broker Dealer,83992a14c4a508bcf6c40459672b1aef,2026-03-26 23:56:23.433372,9999-12-31 00:00:00,2026-03-26 23:56:23.433372,2026-03-26 23:56:23.433372,u8537748
596,A6316,"Diversified Resources, LLC",RI,Broker Dealer,85cf44ef1c7947e266c49fc0f09769c8,2026-03-26 23:56:23.433372,9999-12-31 00:00:00,2026-03-26 23:56:23.433372,2026-03-26 23:56:23.433372,u8537748
103,A6330,S.L. Reed & Company,CA,Broker Dealer,41b2cd0189d98535c4f982dd8f53eb6a,2026-03-26 23:56:23.433372,9999-12-31 00:00:00,2026-03-26 23:56:23.433372,2026-03-26 23:56:23.433372,u8537748
482,A6333,"Shareholders Service Group, LLC",CA,Broker Dealer,5357642d6510ed1aa4f611324e086191,2026-03-26 23:56:23.433372,9999-12-31 00:00:00,2026-03-26 23:56:23.433372,2026-03-26 23:56:23.433372,u8537748
324,A6337,"First Ballantyne, LLC",NC,Broker Dealer,854594f7c9f1ea920bad18de4346750d,2026-03-26 23:56:23.433372,9999-12-31 00:00:00,2026-03-26 23:56:23.433372,2026-03-26 23:56:23.433372,u8537748
469,A6341,Pershing Advisor Solutions LLC,NJ,Broker Dealer,1cfc78d5e70fcbd277d8e651878dd01e,2026-03-26 23:56:23.433372,9999-12-31 00:00:00,2026-03-26 23:56:23.433372,2026-03-26 23:56:23.433372,u8537748
887,A6343,"Insigneo Securities , LLC",FL,Broker Dealer,b796f3deb4672977dba9e5f7bbbffaf9,2026-03-26 23:56:23.433372,9999-12-31 00:00:00,2026-03-26 23:56:23.433372,2026-03-26 23:56:23.433372,u8537748
730,A6356,"Horace Mann Investors, Inc.",IL,Broker Dealer,ed7b18c6f77866a5b4a1102711ceb759,2026-03-26 23:56:23.433372,9999-12-31 00:00:00,2026-03-26 23:56:23.433372,2026-03-26 23:56:23.433372,u8537748
379,A6362,"Avisen Wealth Management, Inc.",CA,Broker Dealer,2df538e52f236e1751c6c9c3de641f23,2026-03-26 23:56:23.433372,9999-12-31 00:00:00,2026-03-26 23:56:23.433372,2026-03-26 23:56:23.433372,u8537748
129,A6363,"GBS Retirement Services, Inc.",IL,Broker Dealer,d29ff0cf518c9f708e9ba437a421c459,2026-03-26 23:56:23.433372,9999-12-31 00:00:00,2026-03-26 23:56:23.433372,2026-03-26 23:56:23.433372,u8537748
841,A6366,"Wells Fargo Securities, LLC",NC,Broker Dealer,985dd3e56fccfec0188e142fdc36e607,2026-03-26 23:56:23.433372,9999-12-31 00:00:00,2026-03-26 23:56:23.433372,2026-03-26 23:56:23.433372,u8537748
148,A6370,"Place Trade Financial, Inc.",NC,Broker Dealer,0efeec9fb311059c20267ff3ee203135,2026-03-26 23:56:23.433372,9999-12-31 00:00:00,2026-03-26 23:56:23.433372,2026-03-26 23:56:23.433372,u8537748
85,A6373,"A. P. Securities, Inc.",NY,Broker Dealer,34fb64722fcc4dedcb88aba1c2fbf9e2,2026-03-26 23:56:23.433372,9999-12-31 00:00:00,2026-03-26 23:56:23.433372,2026-03-26 23:56:23.433372,u8537748
894,A6377,"Planned Financial Programs, Inc.",NY,Broker Dealer,f1b654b4c7ccc6639102502377b75bb8,2026-03-26 23:56:23.433372,9999-12-31 00:00:00,2026-03-26 23:56:23.433372,2026-03-26 23:56:23.433372,u8537748
333,A6379,Alexander Investment Services Co.,KY,Broker Dealer,dde58ffafcaddeb1f08de44805e97473,2026-03-26 23:56:23.433372,9999-12-31 00:00:00,2026-03-26 23:56:23.433372,2026-03-26 23:56:23.433372,u8537748
205,A6383,KCOE Capital  LLC,WA,Broker Dealer,6624a7781efad6957ad973588faf7875,2026-03-26 23:56:23.433372,9999-12-31 00:00:00,2026-03-26 23:56:23.433372,2026-03-26 23:56:23.433372,u8537748
447,A6386,State Farm VP Management Corp.,IL,Broker Dealer,e61fcd825d716eec2706a36d89058069,2026-03-26 23:56:23.433372,9999-12-31 00:00:00,2026-03-26 23:56:23.433372,2026-03-26 23:56:23.433372,u8537748
731,A6392,"Dinosaur Financial Group, LLC",NY,Broker Dealer,88d5573f7e4b4450a7e9c322a4c51dfc,2026-03-26 23:56:23.433372,9999-12-31 00:00:00,2026-03-26 23:56:23.433372,2026-03-26 23:56:23.433372,u8537748
433,A6400,NewOak Capital Markets LLC,NY,Broker Dealer,375568d603d1a016edc951b47244e218,2026-03-26 23:56:23.433372,9999-12-31 00:00:00,2026-03-26 23:56:23.433372,2026-03-26 23:56:23.433372,u8537748
273,A6406,"Morgan Wilshire Securities, Inc.",NY,Broker Dealer,20246eb8e514c15385cc8181139ffedf,2026-03-26 23:56:23.433372,9999-12-31 00:00:00,2026-03-26 23:56:23.433372,2026-03-26 23:56:23.433372,u8537748
823,A6410,Buckram Securities Ltd.,NY,Broker Dealer,6b7992f1139b2b8a8fe6432ccb6d183e,2026-03-26 23:56:23.433372,9999-12-31 00:00:00,2026-03-26 23:56:23.433372,2026-03-26 23:56:23.433372,u8537748
401,A6415,"The Strategic Financial Alliance, Inc.",GA,Broker Dealer,344345303ee78f492412debf793f8ddb,2026-03-26 23:56:23.433372,9999-12-31 00:00:00,2026-03-26 23:56:23.433372,2026-03-26 23:56:23.433372,u8537748
774,A6419,TP ICAP Global Markets Americas LLC,NY,Broker Dealer,defc7fbd50bf54e192c767f948416c5f,2026-03-26 23:56:23.433372,9999-12-31 00:00:00,2026-03-26 23:56:23.433372,2026-03-26 23:56:23.433372,u8537748
13,A6421,"Monarch Capital Group, LLC",NY,Broker Dealer,f160b3449e8d05b0379802283650587a,2026-03-26 23:56:23.433372,9999-12-31 00:00:00,2026-03-26 23:56:23.433372,2026-03-26 23:56:23.433372,u8537748
351,A6427,"Independence Capital Co., Inc.",OH,Broker Dealer,e2b0197a863b9ede16a9aebdde5d58e1,2026-03-26 23:56:23.433372,9999-12-31 00:00:00,2026-03-26 23:56:23.433372,2026-03-26 23:56:23.433372,u8537748
371,A6429,Cantor Fitzgerald & Co.,NY,Broker Dealer,db48c2792f1d5a8daf1f818f68cfb2e0,2026-03-26 23:56:23.433372,9999-12-31 00:00:00,2026-03-26 23:56:23.433372,2026-03-26 23:56:23.433372,u8537748
191,A6432,"Glen Eagle Wealth, LLC",NJ,Broker Dealer,8d0a9a9628f164eb2345f256595b3c1f,2026-03-26 23:56:23.433372,9999-12-31 00:00:00,2026-03-26 23:56:23.433372,2026-03-26 23:56:23.433372,u8537748
130,A6438,"Titleist Capital, LLC",TX,Broker Dealer,94d4570f1a28cb9d093ba38165c4a326,2026-03-26 23:56:23.433372,9999-12-31 00:00:00,2026-03-26 23:56:23.433372,2026-03-26 23:56:23.433372,u8537748
852,A6439,CapFinancial Securities LLC,NC,Broker Dealer,583f52d6b321ac2a7ae4fadfab85c7e2,2026-03-26 23:56:23.433372,9999-12-31 00:00:00,2026-03-26 23:56:23.433372,2026-03-26 23:56:23.433372,u8537748
370,A6440,"KCD Financial, Inc.",WI,Broker Dealer,152fa08667cd82b1037e00dfb6701248,2026-03-26 23:56:23.433372,9999-12-31 00:00:00,2026-03-26 23:56:23.433372,2026-03-26 23:56:23.433372,u8537748
262,A6446,American Trust Investment Services,CA,Broker Dealer,1970ccc996788cf81246b2b0657340dd,2026-03-26 23:56:23.433372,9999-12-31 00:00:00,2026-03-26 23:56:23.433372,2026-03-26 23:56:23.433372,u8537748
564,A6456,"Secure Planning, LLC.",NH,Broker Dealer,06d694093b8892618f8fca0c80b1694a,2026-03-26 23:56:23.433372,9999-12-31 00:00:00,2026-03-26 23:56:23.433372,2026-03-26 23:56:23.433372,u8537748
715,A6457,OBEX Securities LLC,NY,Broker Dealer,6a8cf46f947cb5fa31fb1e9b2f353b9c,2026-03-26 23:56:23.433372,9999-12-31 00:00:00,2026-03-26 23:56:23.433372,2026-03-26 23:56:23.433372,u8537748
561,A6473,"Investment Network, Inc",OH,Broker Dealer,0f2f0374dde5d651ff6a293e04946996,2026-03-26 23:56:23.433372,9999-12-31 00:00:00,2026-03-26 23:56:23.433372,2026-03-26 23:56:23.433372,u8537748
180,A6485,"Chickasaw Securities, LLC",TN,Broker Dealer,cf323c7cc0b1d8fbeb5ee02109f7eb9d,2026-03-26 23:56:23.433372,9999-12-31 00:00:00,2026-03-26 23:56:23.433372,2026-03-26 23:56:23.433372,u8537748
42,A6486,"FBL Marketing Services, LLC",IA,Broker Dealer,6963b868f9a145907222da1ca2b4c101,2026-03-26 23:56:23.433372,9999-12-31 00:00:00,2026-03-26 23:56:23.433372,2026-03-26 23:56:23.433372,u8537748
855,A6495,PNC Wealth Management LLC,PA,Broker Dealer,79f821eac01a3d33104e81f5d2b60b05,2026-03-26 23:56:23.433372,9999-12-31 00:00:00,2026-03-26 23:56:23.433372,2026-03-26 23:56:23.433372,u8537748
659,A6497,"First Public, LLC",TX,Broker Dealer,a8e87384368e673a3be6d66c9b23c103,2026-03-26 23:56:23.433372,9999-12-31 00:00:00,2026-03-26 23:56:23.433372,2026-03-26 23:56:23.433372,u8537748
615,A6505,"GWN Securities, Inc.",FL,Broker Dealer,f08399f968f93deea0a81f4d6db32ef9,2026-03-26 23:56:23.433372,9999-12-31 00:00:00,2026-03-26 23:56:23.433372,2026-03-26 23:56:23.433372,u8537748
118,A6518,"Keel Point Capital, LLC",AL,Broker Dealer,b8d6ce6480ced224e5e039f3d9c42f14,2026-03-26 23:56:23.433372,9999-12-31 00:00:00,2026-03-26 23:56:23.433372,2026-03-26 23:56:23.433372,u8537748
155,A6521,"Anchor Bay Securities, LLC",CA,Broker Dealer,c46992faf9ace31360fcf79d1e4485df,2026-03-26 23:56:23.433372,9999-12-31 00:00:00,2026-03-26 23:56:23.433372,2026-03-26 23:56:23.433372,u8537748
901,A6522,"Inverness Securities, LLC",OH,Broker Dealer,aeec81d2d1f851f7d8eb11733ff0e14f,2026-03-26 23:56:23.433372,9999-12-31 00:00:00,2026-03-26 23:56:23.433372,2026-03-26 23:56:23.433372,u8537748
627,A6523,"AMERANT INVESTMENTS, INC.",FL,Broker Dealer,3417c0771f40d3a415ace98082e59fc6,2026-03-26 23:56:23.433372,9999-12-31 00:00:00,2026-03-26 23:56:23.433372,2026-03-26 23:56:23.433372,u8537748
638,A6524,Emerson Equity LLC,CA,Broker Dealer,15c03c75dd9f712084b6bb0598ccd37e,2026-03-26 23:56:23.433372,9999-12-31 00:00:00,2026-03-26 23:56:23.433372,2026-03-26 23:56:23.433372,u8537748
696,A6530,"Crescent Securities Group, Inc.",TX,Broker Dealer,675f6670d44f72fb9d11b4dd68dcf19e,2026-03-26 23:56:23.433372,9999-12-31 00:00:00,2026-03-26 23:56:23.433372,2026-03-26 23:56:23.433372,u8537748
212,A6534,"Wealth Enhancement Brokerage Services, LLC",MN,Broker Dealer,a13aa32d624a4638248833299200666f,2026-03-26 23:56:23.433372,9999-12-31 00:00:00,2026-03-26 23:56:23.433372,2026-03-26 23:56:23.433372,u8537748
666,A6536,"Worth Financial Group, Inc.",TX,Broker Dealer,02581f7ac3131d35f2cca6ec0af97e06,2026-03-26 23:56:23.433372,9999-12-31 00:00:00,2026-03-26 23:56:23.433372,2026-03-26 23:56:23.433372,u8537748
915,A6541,Integrated Financial Planning Services,BW,Broker Dealer,94ca5119ec84c1d29fa64e36b4825a40,2026-03-26 23:56:23.433372,9999-12-31 00:00:00,2026-03-26 23:56:23.433372,2026-03-26 23:56:23.433372,u8537748
870,A6548,"Dawson James Securities, Inc.",FL,Broker Dealer,1e42c4084a7d230f2bd108714b4fc9d8,2026-03-26 23:56:23.433372,9999-12-31 00:00:00,2026-03-26 23:56:23.433372,2026-03-26 23:56:23.433372,u8537748
301,A6560,"GRB Financial, LLC",TX,Broker Dealer,543670a2c68428b6b58c33aaa42d8ad4,2026-03-26 23:56:23.433372,9999-12-31 00:00:00,2026-03-26 23:56:23.433372,2026-03-26 23:56:23.433372,u8537748
460,A6564,"CIG Securities, Inc.",MI,Broker Dealer,925aa0a6ab66a8c7b041f390922539ef,2026-03-26 23:56:23.433372,9999-12-31 00:00:00,2026-03-26 23:56:23.433372,2026-03-26 23:56:23.433372,u8537748
414,A6566,Barclays Capital Inc.,NY,Broker Dealer/Municipal Advisor,1897a885d2668227a1a176c88392eff4,2026-03-26 23:56:23.433372,9999-12-31 00:00:00,2026-03-26 23:56:23.433372,2026-03-26 23:56:23.433372,u8537748
695,A6568,Beta Capital Securities LLC,FL,Broker Dealer,f90c8cc713b1aefba41c7b585c594315,2026-03-26 23:56:23.433372,9999-12-31 00:00:00,2026-03-26 23:56:23.433372,2026-03-26 23:56:23.433372,u8537748
30,A6574,D. Boral Capital,NY,Broker Dealer,1ff0096967cf1f019780602678cb6b3f,2026-03-26 23:56:23.433372,9999-12-31 00:00:00,2026-03-26 23:56:23.433372,2026-03-26 23:56:23.433372,u8537748
770,A6575,Modern Capital Securities Inc.,NC,Broker Dealer,0f18815048a8a07b493873f14e581617,2026-03-26 23:56:23.433372,9999-12-31 00:00:00,2026-03-26 23:56:23.433372,2026-03-26 23:56:23.433372,u8537748
679,A6576,"Gar Wood Securities, LLC",IL,Broker Dealer,f10c6effbf234ed848f7048db53fb5f1,2026-03-26 23:56:23.433372,9999-12-31 00:00:00,2026-03-26 23:56:23.433372,2026-03-26 23:56:23.433372,u8537748
617,A6577,"AOS, Inc.",IL,Broker Dealer,8f4b8bf8423e55ec04eb59e036632988,2026-03-26 23:56:23.433372,9999-12-31 00:00:00,2026-03-26 23:56:23.433372,2026-03-26 23:56:23.433372,u8537748
609,A6579,HENLEY & COMPANY LLC,NY,Broker Dealer,70c190eeb0519acb6ef19052bbf8b9a8,2026-03-26 23:56:23.433372,9999-12-31 00:00:00,2026-03-26 23:56:23.433372,2026-03-26 23:56:23.433372,u8537748
120,A6580,"Halliday Financial, LLC",NY,Broker Dealer,def40ae68350ae44ff1c3cddc0366886,2026-03-26 23:56:23.433372,9999-12-31 00:00:00,2026-03-26 23:56:23.433372,2026-03-26 23:56:23.433372,u8537748
310,A6581,"Liberty Partners Financial Services, LLC",NC,Broker Dealer,d73dc1fd663034ed5b9768f58a10c65e,2026-03-26 23:56:23.433372,9999-12-31 00:00:00,2026-03-26 23:56:23.433372,2026-03-26 23:56:23.433372,u8537748
806,A6587,"Sunbelt Securities, Inc.",TX,Broker Dealer,2651c36c3c102ce146f2b43233858893,2026-03-26 23:56:23.433372,9999-12-31 00:00:00,2026-03-26 23:56:23.433372,2026-03-26 23:56:23.433372,u8537748
877,A6622,"SWBC Investment Services, LLC",TX,Broker Dealer,10de9f0492c07b9f15e231ae96f15d7a,2026-03-26 23:56:23.433372,9999-12-31 00:00:00,2026-03-26 23:56:23.433372,2026-03-26 23:56:23.433372,u8537748
775,A6627,"Heritage Financial Systems, LLC",PA,Broker Dealer/Municipal Advisor,21184d1d717802c469182c67a75b3945,2026-03-26 23:56:23.433372,9999-12-31 00:00:00,2026-03-26 23:56:23.433372,2026-03-26 23:56:23.433372,u8537748
297,A6645,"Osaic Services, Inc.",AZ,Broker Dealer,a1ddce6c474ea805111043dc87fdb0ca,2026-03-26 23:56:23.433372,9999-12-31 00:00:00,2026-03-26 23:56:23.433372,2026-03-26 23:56:23.433372,u8537748
544,A6646,"Anovest Financial Services, Inc.",GA,Broker Dealer,60eaa09013ab787b184b0f7706826b33,2026-03-26 23:56:23.433372,9999-12-31 00:00:00,2026-03-26 23:56:23.433372,2026-03-26 23:56:23.433372,u8537748
740,A6652,"Thrasher and Chambers, Inc",AR,Broker Dealer,3b7169b601ac1f1b8563122daa8336e1,2026-03-26 23:56:23.433372,9999-12-31 00:00:00,2026-03-26 23:56:23.433372,2026-03-26 23:56:23.433372,u8537748
467,A6658,Joseph Grace,NY,Broker Dealer,851e6452f2109564a7507f384e36ee7b,2026-03-26 23:56:23.433372,9999-12-31 00:00:00,2026-03-26 23:56:23.433372,2026-03-26 23:56:23.433372,u8537748
27,A6670,"Andes Capital Group, LLC",IL,Broker Dealer,33552c2a17c40837ce33f1e9bf94129a,2026-03-26 23:56:23.433372,9999-12-31 00:00:00,2026-03-26 23:56:23.433372,2026-03-26 23:56:23.433372,u8537748
428,A6672,"American Independent Securities Grp,LLC",ID,Broker Dealer,47ec41f2e7ff6439dd0be634679f200c,2026-03-26 23:56:23.433372,9999-12-31 00:00:00,2026-03-26 23:56:23.433372,2026-03-26 23:56:23.433372,u8537748
386,A6676,"FNBB Capital Markets, LLC",AL,Broker Dealer,90ef8557f5df6310f76e0ce061dde02e,2026-03-26 23:56:23.433372,9999-12-31 00:00:00,2026-03-26 23:56:23.433372,2026-03-26 23:56:23.433372,u8537748
653,A6680,"BHK Securities, LLC",AL,Broker Dealer,d69f9373c7d79a757421dc09aa43f1f2,2026-03-26 23:56:23.433372,9999-12-31 00:00:00,2026-03-26 23:56:23.433372,2026-03-26 23:56:23.433372,u8537748
107,A6687,"McDonald Partners, LLC",OH,Broker Dealer,5affea3c566453dd618bd8246f4e6fdf,2026-03-26 23:56:23.433372,9999-12-31 00:00:00,2026-03-26 23:56:23.433372,2026-03-26 23:56:23.433372,u8537748
425,A6690,Integral Financial LLC,CA,Broker Dealer,f2b43ed5fda763e9339ae3c4d9b2ae2b,2026-03-26 23:56:23.433372,9999-12-31 00:00:00,2026-03-26 23:56:23.433372,2026-03-26 23:56:23.433372,u8537748
635,A6692,"Fortune Securities, Inc.",CA,Broker Dealer,3b089416546c84e24984fb172ec51b5f,2026-03-26 23:56:23.433372,9999-12-31 00:00:00,2026-03-26 23:56:23.433372,2026-03-26 23:56:23.433372,u8537748
252,A6695,"Samco Capital Markets, Inc.",TX,Broker Dealer/Municipal Advisor,e292bbc46ccecf23a2f5af155e1343b1,2026-03-26 23:56:23.433372,9999-12-31 00:00:00,2026-03-26 23:56:23.433372,2026-03-26 23:56:23.433372,u8537748
242,A6703,Madison Avenue Securities,CA,Broker Dealer,009d222404e1f0ea4e347e199bebfd6f,2026-03-26 23:56:23.433372,9999-12-31 00:00:00,2026-03-26 23:56:23.433372,2026-03-26 23:56:23.433372,u8537748
122,A6707,"Franklin Distributors, LLC",CA,Broker Dealer,0cbfde7ef2a1dee2c621b80708aae4ab,2026-03-26 23:56:23.433372,9999-12-31 00:00:00,2026-03-26 23:56:23.433372,2026-03-26 23:56:23.433372,u8537748
296,A6708,Key Investment Services LLC,OH,Broker Dealer,a1ef43bec351b48b92df7e383a9f6917,2026-03-26 23:56:23.433372,9999-12-31 00:00:00,2026-03-26 23:56:23.433372,2026-03-26 23:56:23.433372,u8537748
840,A6727,"Founders Financial Securities, LLC",MD,Broker Dealer,c8c0e3896c4d175089aef231b8b5787b,2026-03-26 23:56:23.433372,9999-12-31 00:00:00,2026-03-26 23:56:23.433372,2026-03-26 23:56:23.433372,u8537748
633,A6730,"Papamarkou Wellner & Company, Inc.",NY,Broker Dealer,2d83e85a7a5dc5ac6d3de874b03e7ec9,2026-03-26 23:56:23.433372,9999-12-31 00:00:00,2026-03-26 23:56:23.433372,2026-03-26 23:56:23.433372,u8537748
875,A6731,"Lebenthal Financial Services, Inc.",NY,Broker Dealer,6ffc2c8c1629a29bcc3150bea0d0d1e0,2026-03-26 23:56:23.433372,9999-12-31 00:00:00,2026-03-26 23:56:23.433372,2026-03-26 23:56:23.433372,u8537748
761,A6737,Navy Federal Investment Services LLC,VA,Broker Dealer,706f56678e238631a84d73428a552d3e,2026-03-26 23:56:23.433372,9999-12-31 00:00:00,2026-03-26 23:56:23.433372,2026-03-26 23:56:23.433372,u8537748
768,A6739,"Susquehanna Financial Group, LLLP",PA,Broker Dealer,464ae0e03f7a7418d6e49d548ac4f677,2026-03-26 23:56:23.433372,9999-12-31 00:00:00,2026-03-26 23:56:23.433372,2026-03-26 23:56:23.433372,u8537748
729,A6746,"ACP Securities, LLC",FL,Broker Dealer,ca3e193dfd75bba766c07b26434246c5,2026-03-26 23:56:23.433372,9999-12-31 00:00:00,2026-03-26 23:56:23.433372,2026-03-26 23:56:23.433372,u8537748
263,A6750,Colorado Financial Service Corp.,CO,Broker Dealer/Municipal Advisor,455eebb1af416e7e7928200b7f0ce75a,2026-03-26 23:56:23.433372,9999-12-31 00:00:00,2026-03-26 23:56:23.433372,2026-03-26 23:56:23.433372,u8537748
322,A6751,"ESL Investment Services, LLC",NY,Broker Dealer,28e6e1a7d470c8cfc04094d123ca45de,2026-03-26 23:56:23.433372,9999-12-31 00:00:00,2026-03-26 23:56:23.433372,2026-03-26 23:56:23.433372,u8537748
758,A6753,First Asset Financial Inc.,KS,Broker Dealer,8f90d9c543d73d13cd9f0d8c5f1ec3bd,2026-03-26 23:56:23.433372,9999-12-31 00:00:00,2026-03-26 23:56:23.433372,2026-03-26 23:56:23.433372,u8537748
745,A6755,COUNTRY Capital Management Company,IL,Broker Dealer,11eec406b45de34d5dc75aaaa7b12985,2026-03-26 23:56:23.433372,9999-12-31 00:00:00,2026-03-26 23:56:23.433372,2026-03-26 23:56:23.433372,u8537748
519,A6759,"Bear Creek Securities, LLC",CO,Broker Dealer,195538d3277700c923b014e94e221b91,2026-03-26 23:56:23.433372,9999-12-31 00:00:00,2026-03-26 23:56:23.433372,2026-03-26 23:56:23.433372,u8537748
249,A6768,"D.H. Hill Securities, LLLP",TX,Broker Dealer,b34060dbf159280c413dcc09c9c05a9e,2026-03-26 23:56:23.433372,9999-12-31 00:00:00,2026-03-26 23:56:23.433372,2026-03-26 23:56:23.433372,u8537748
268,A6776,"Integrity Alliance, LLC",IA,Broker Dealer,6096b48877a93891d31956ebf850d22c,2026-03-26 23:56:23.433372,9999-12-31 00:00:00,2026-03-26 23:56:23.433372,2026-03-26 23:56:23.433372,u8537748
31,A6781,"GlobaLink Securities, Inc",CA,Broker Dealer,176fec0abd8da96bf8e0f05244ef0eb1,2026-03-26 23:56:23.433372,9999-12-31 00:00:00,2026-03-26 23:56:23.433372,2026-03-26 23:56:23.433372,u8537748
58,A6783,"ADVANCED ADVISOR GROUP, LLC.",MN,Broker Dealer,8f89797ef707b08367a08f11104a20b7,2026-03-26 23:56:23.433372,9999-12-31 00:00:00,2026-03-26 23:56:23.433372,2026-03-26 23:56:23.433372,u8537748
247,A6787,"Hamilton Cavanaugh Investment Brokers, Inc.",NY,Broker Dealer,1c2ac7aee231e6719efa814456122509,2026-03-26 23:56:23.433372,9999-12-31 00:00:00,2026-03-26 23:56:23.433372,2026-03-26 23:56:23.433372,u8537748
336,A6789,"Guggenheim Securities, LLC",NY,Broker Dealer/Municipal Advisor,2313541e3ab6f123f3d0e3425269b68f,2026-03-26 23:56:23.433372,9999-12-31 00:00:00,2026-03-26 23:56:23.433372,2026-03-26 23:56:23.433372,u8537748
128,A6797,Tradeweb LLC,NY,Broker Dealer,5692fbfe89d40417d9cd8c5bc7a0a89e,2026-03-26 23:56:23.433372,9999-12-31 00:00:00,2026-03-26 23:56:23.433372,2026-03-26 23:56:23.433372,u8537748
904,A6803,Ally Invest Securities LLC,NC,Broker Dealer,ae87af14efdeec274e326b705ea487b7,2026-03-26 23:56:23.433372,9999-12-31 00:00:00,2026-03-26 23:56:23.433372,2026-03-26 23:56:23.433372,u8537748
400,A6805,"Allen, Mooney & Barnes Brokerage Services, LLC",GA,Broker Dealer,a32b47e6620c43dd75dfac1c0ec02538,2026-03-26 23:56:23.433372,9999-12-31 00:00:00,2026-03-26 23:56:23.433372,2026-03-26 23:56:23.433372,u8537748
839,A6808,"Aventura Securities, LLC",FL,Broker Dealer,6c586db1de62740f82e32f28feb3cfae,2026-03-26 23:56:23.433372,9999-12-31 00:00:00,2026-03-26 23:56:23.433372,2026-03-26 23:56:23.433372,u8537748
550,A6815,Vision Financial Markets LLC,CT,Broker Dealer,732fa2278fca527b1a735d16a2f4e24b,2026-03-26 23:56:23.433372,9999-12-31 00:00:00,2026-03-26 23:56:23.433372,2026-03-26 23:56:23.433372,u8537748
73,A6819,"Murray Securities, Inc.",TX,Broker Dealer,415b1dcaa6b527fea5647f38a0912883,2026-03-26 23:56:23.433372,9999-12-31 00:00:00,2026-03-26 23:56:23.433372,2026-03-26 23:56:23.433372,u8537748
429,A6821,"Westminster Investment Group, Inc.",PA,Broker Dealer,0e47cfbe0890629a8adfda017c728df1,2026-03-26 23:56:23.433372,9999-12-31 00:00:00,2026-03-26 23:56:23.433372,2026-03-26 23:56:23.433372,u8537748
911,A6822,Cary Street Partners LLC,VA,Broker Dealer,a0be83208a6ce99626f189c3c9e2a989,2026-03-26 23:56:23.433372,9999-12-31 00:00:00,2026-03-26 23:56:23.433372,2026-03-26 23:56:23.433372,u8537748
843,A6834,"Sunstreet Securities, LLC",AZ,Broker Dealer,1827862a493752186fbd41dbe5fd68ec,2026-03-26 23:56:23.433372,9999-12-31 00:00:00,2026-03-26 23:56:23.433372,2026-03-26 23:56:23.433372,u8537748
646,A6841,"N.E. Private Client, Ltd.",RI,Broker Dealer,429597de7dcfebc69af4c5be95eaf86c,2026-03-26 23:56:23.433372,9999-12-31 00:00:00,2026-03-26 23:56:23.433372,2026-03-26 23:56:23.433372,u8537748
223,A6847,Quoin Capital LLC,PA,Broker Dealer,fb32d05a56fd301d657f0a4e67db0210,2026-03-26 23:56:23.433372,9999-12-31 00:00:00,2026-03-26 23:56:23.433372,2026-03-26 23:56:23.433372,u8537748
914,A6852,Empire Asset Management Company,NY,Broker Dealer,5d35c0bb24cd77c41d97c1968b0e26e2,2026-03-26 23:56:23.433372,9999-12-31 00:00:00,2026-03-26 23:56:23.433372,2026-03-26 23:56:23.433372,u8537748
662,A6855,Advantage Securities LLC,IL,Broker Dealer,719abfef63ea5539a717bd0a97c9fef2,2026-03-26 23:56:23.433372,9999-12-31 00:00:00,2026-03-26 23:56:23.433372,2026-03-26 23:56:23.433372,u8537748
213,A6862,"Spire Securities, LLC",VA,Broker Dealer,a099dcfc837dd8738a2c29642c9ea4ea,2026-03-26 23:56:23.433372,9999-12-31 00:00:00,2026-03-26 23:56:23.433372,2026-03-26 23:56:23.433372,u8537748
456,A6868,"NGC Financial, LLC",NY,Broker Dealer,94ea1d4fa899721be87a5b2c8a258694,2026-03-26 23:56:23.433372,9999-12-31 00:00:00,2026-03-26 23:56:23.433372,2026-03-26 23:56:23.433372,u8537748
250,A6871,AW Securities,CA,Broker Dealer,ca467c904e285b4fc9b2699c1d52ca98,2026-03-26 23:56:23.433372,9999-12-31 00:00:00,2026-03-26 23:56:23.433372,2026-03-26 23:56:23.433372,u8537748
791,A6874,"Wilmington Capital Securities, LLC",NY,Broker Dealer,3290ed4b3d459515fce7edcf370f4578,2026-03-26 23:56:23.433372,9999-12-31 00:00:00,2026-03-26 23:56:23.433372,2026-03-26 23:56:23.433372,u8537748
765,A6875,"Parsonex Securities, Inc.",CO,Broker Dealer,0ac790e8f328c3f01fa016d0a3c8dc30,2026-03-26 23:56:23.433372,9999-12-31 00:00:00,2026-03-26 23:56:23.433372,2026-03-26 23:56:23.433372,u8537748
21,A6883,Infinity Financial Services,CA,Broker Dealer,bb3ae27c2456acc9d6790113d19ebe0c,2026-03-26 23:56:23.433372,9999-12-31 00:00:00,2026-03-26 23:56:23.433372,2026-03-26 23:56:23.433372,u8537748
515,A6885,"Bonds.com, LLC",NY,Broker Dealer,45e3dfcbac9f85769fa800f2c4781477,2026-03-26 23:56:23.433372,9999-12-31 00:00:00,2026-03-26 23:56:23.433372,2026-03-26 23:56:23.433372,u8537748
612,A6897,"CastleOak Securities, LP",NY,Broker Dealer,a4835af1c354c73b8ece334bdf1f7a2f,2026-03-26 23:56:23.433372,9999-12-31 00:00:00,2026-03-26 23:56:23.433372,2026-03-26 23:56:23.433372,u8537748
879,A6901,"Spartan Capital Securities, LLC",NY,Broker Dealer,50fd74733879713d3b73f834c75195f4,2026-03-26 23:56:23.433372,9999-12-31 00:00:00,2026-03-26 23:56:23.433372,2026-03-26 23:56:23.433372,u8537748
636,A6906,"Blaylock Van, LLC",NY,Broker Dealer,fc295f2acff029d79d866f708e92a3c3,2026-03-26 23:56:23.433372,9999-12-31 00:00:00,2026-03-26 23:56:23.433372,2026-03-26 23:56:23.433372,u8537748
743,A6910,"Arete Wealth Management, LLC",IL,Broker Dealer,05b18f6b00becb5e6bad912c7704692a,2026-03-26 23:56:23.433372,9999-12-31 00:00:00,2026-03-26 23:56:23.433372,2026-03-26 23:56:23.433372,u8537748
459,A6912,Interactive Brokers LLC,CT,Broker Dealer,bd3ba83b676951b01e7e816a6a17b087,2026-03-26 23:56:23.433372,9999-12-31 00:00:00,2026-03-26 23:56:23.433372,2026-03-26 23:56:23.433372,u8537748
4,A6913,"Capital City Securities, LLC",OH,Broker Dealer,e46701ecb904eec2e112b42daa06827d,2026-03-26 23:56:23.433372,9999-12-31 00:00:00,2026-03-26 23:56:23.433372,2026-03-26 23:56:23.433372,u8537748
812,A6916,"Northwest Financial Group, LLC",VA,Broker Dealer,8ced1820db8f1b40b69283e4fe40fe0c,2026-03-26 23:56:23.433372,9999-12-31 00:00:00,2026-03-26 23:56:23.433372,2026-03-26 23:56:23.433372,u8537748
75,A6918,Pinnacle Investments LLC,NY,Broker Dealer,2ab2142686ff701f207a38026bab8772,2026-03-26 23:56:23.433372,9999-12-31 00:00:00,2026-03-26 23:56:23.433372,2026-03-26 23:56:23.433372,u8537748
316,A6925,"JBS Liberty Securities, Inc.",NC,Broker Dealer,9abd0ab07c3dca97336ab1cb48fe67ee,2026-03-26 23:56:23.433372,9999-12-31 00:00:00,2026-03-26 23:56:23.433372,2026-03-26 23:56:23.433372,u8537748
525,A6927,"XML Securities, LLC",MD,Broker Dealer,9cc4e6b8dee86aa00fa715754e060d03,2026-03-26 23:56:23.433372,9999-12-31 00:00:00,2026-03-26 23:56:23.433372,2026-03-26 23:56:23.433372,u8537748
489,A6933,"Investments For You, Inc.",OH,Broker Dealer,6c57687ab51565939cc4ba5407d12ca2,2026-03-26 23:56:23.433372,9999-12-31 00:00:00,2026-03-26 23:56:23.433372,2026-03-26 23:56:23.433372,u8537748
123,A6935,"Mainline West Municipal Securities, LLC",CO,Broker Dealer,4a4450f7fc46a0495659c2df5d07d56e,2026-03-26 23:56:23.433372,9999-12-31 00:00:00,2026-03-26 23:56:23.433372,2026-03-26 23:56:23.433372,u8537748
163,A6945,"Livingston Securities, LLC",NY,Broker Dealer,fc9d92413182cc4d3c14c98a41703031,2026-03-26 23:56:23.433372,9999-12-31 00:00:00,2026-03-26 23:56:23.433372,2026-03-26 23:56:23.433372,u8537748
694,A6948,"J K Financial Services, Inc.",CA,Broker Dealer,ef8401015520ec4d4eb09c2d42c1430e,2026-03-26 23:56:23.433372,9999-12-31 00:00:00,2026-03-26 23:56:23.433372,2026-03-26 23:56:23.433372,u8537748
702,A6950,"HighTower Securities, LLC",IL,Broker Dealer,f2669d2a3e5ca9101a027370e3b9e22e,2026-03-26 23:56:23.433372,9999-12-31 00:00:00,2026-03-26 23:56:23.433372,2026-03-26 23:56:23.433372,u8537748
473,A6961,"SCH Enterprises, Inc.",IN,Broker Dealer,1fd3db9bfcd48295d93a7549eb4a8667,2026-03-26 23:56:23.433372,9999-12-31 00:00:00,2026-03-26 23:56:23.433372,2026-03-26 23:56:23.433372,u8537748
834,A6962,TD Securities (USA) LLC,NY,Broker Dealer,575fefc4897191637c054f51249cca67,2026-03-26 23:56:23.433372,9999-12-31 00:00:00,2026-03-26 23:56:23.433372,2026-03-26 23:56:23.433372,u8537748
607,A6963,Benjamin F. Edwards & Company,MO,Broker Dealer,2d328eb8c7ad6e2b24887cace2f106f0,2026-03-26 23:56:23.433372,9999-12-31 00:00:00,2026-03-26 23:56:23.433372,2026-03-26 23:56:23.433372,u8537748
472,A6968,"Alexander Capital, L.P.",NJ,Broker Dealer,d2e6408e0a0476a4d4f0fef680a478ba,2026-03-26 23:56:23.433372,9999-12-31 00:00:00,2026-03-26 23:56:23.433372,2026-03-26 23:56:23.433372,u8537748
493,A6969,SECU Brokerage Services,NC,Broker Dealer,d1048c6462a550490a222be5391d4fca,2026-03-26 23:56:23.433372,9999-12-31 00:00:00,2026-03-26 23:56:23.433372,2026-03-26 23:56:23.433372,u8537748
90,A6970,"Sabadell Securities USA, Inc.",FL,Broker Dealer,c95398b5f3e918a1ad4f980a50f9e1fe,2026-03-26 23:56:23.433372,9999-12-31 00:00:00,2026-03-26 23:56:23.433372,2026-03-26 23:56:23.433372,u8537748
541,A6971,John Hancock Investment Management Distributors LLC,MA,Broker Dealer,6fddda9d2e77928c0c51f11d530566ed,2026-03-26 23:56:23.433372,9999-12-31 00:00:00,2026-03-26 23:56:23.433372,2026-03-26 23:56:23.433372,u8537748
878,A6973,"North South Capital, LLC",IL,Broker Dealer,d8ec7a9c9f2bc2a32e46a072e9104510,2026-03-26 23:56:23.433372,9999-12-31 00:00:00,2026-03-26 23:56:23.433372,2026-03-26 23:56:23.433372,u8537748
893,A6979,"Capital Synergy Partners, Inc.",CA,Broker Dealer,136812002cdd4e42a1b6b801310232b0,2026-03-26 23:56:23.433372,9999-12-31 00:00:00,2026-03-26 23:56:23.433372,2026-03-26 23:56:23.433372,u8537748
385,A6980,"ETC Brokerage Services, LLC",TX,Broker Dealer,61f76b97cb924ebc5ce4d6c459204869,2026-03-26 23:56:23.433372,9999-12-31 00:00:00,2026-03-26 23:56:23.433372,2026-03-26 23:56:23.433372,u8537748
466,A6982,Davis Securities LLC,NY,Broker Dealer,4fa55a1557fc537cc44f8e811d259552,2026-03-26 23:56:23.433372,9999-12-31 00:00:00,2026-03-26 23:56:23.433372,2026-03-26 23:56:23.433372,u8537748
598,A6983,Penserra Securities LLC,CA,Broker Dealer,01cee00d373ef7fb08a3b1be54e19f95,2026-03-26 23:56:23.433372,9999-12-31 00:00:00,2026-03-26 23:56:23.433372,2026-03-26 23:56:23.433372,u8537748
327,A6984,"ATIS, Inc.",IN,Broker Dealer,8358cbf1f210b2914a4ca4ba8eab87c7,2026-03-26 23:56:23.433372,9999-12-31 00:00:00,2026-03-26 23:56:23.433372,2026-03-26 23:56:23.433372,u8537748
246,A6988,"Tandem Securities, Inc.",KS,Broker Dealer,2a78f82164f3e8382081bc9642a521e4,2026-03-26 23:56:23.433372,9999-12-31 00:00:00,2026-03-26 23:56:23.433372,2026-03-26 23:56:23.433372,u8537748
326,A6990,BrokerageSelect,NY,Broker Dealer,2c7c1b2f25e6ab6597221f598ee1a584,2026-03-26 23:56:23.433372,9999-12-31 00:00:00,2026-03-26 23:56:23.433372,2026-03-26 23:56:23.433372,u8537748
144,A6991,"Rockfleet Financial Services, Inc.",FL,Broker Dealer/Municipal Advisor,4b61c99cc06297c6fb8fad9aecf65771,2026-03-26 23:56:23.433372,9999-12-31 00:00:00,2026-03-26 23:56:23.433372,2026-03-26 23:56:23.433372,u8537748
179,A7007,Morgan Stanley Smith Barney LLC,NY,Broker Dealer,845bc34c2f1f777753617dbbf126b6c9,2026-03-26 23:56:23.433372,9999-12-31 00:00:00,2026-03-26 23:56:23.433372,2026-03-26 23:56:23.433372,u8537748
363,A7013,Bolton Securities,MA,Broker Dealer,682b5e9e1ead59987ee4e293e6089524,2026-03-26 23:56:23.433372,9999-12-31 00:00:00,2026-03-26 23:56:23.433372,2026-03-26 23:56:23.433372,u8537748
584,A7019,"Ceros Financial Services, Inc.",MD,Broker Dealer,89b1e75c20e9763f3664f5978a678c7b,2026-03-26 23:56:23.433372,9999-12-31 00:00:00,2026-03-26 23:56:23.433372,2026-03-26 23:56:23.433372,u8537748
746,A7023,"Private Client Services, LLC",KY,Broker Dealer,e08c248057fb42ac760d1dc92e8fd045,2026-03-26 23:56:23.433372,9999-12-31 00:00:00,2026-03-26 23:56:23.433372,2026-03-26 23:56:23.433372,u8537748
652,A7028,"Pariter Securities, LLC",PR,Broker Dealer,144e8ef0c9ecc5147e3e68e2019ddea0,2026-03-26 23:56:23.433372,9999-12-31 00:00:00,2026-03-26 23:56:23.433372,2026-03-26 23:56:23.433372,u8537748
491,A7033,Odeon Capital Group LLC,NY,Broker Dealer,4a1f32913fb215f47581291a4e3e2b91,2026-03-26 23:56:23.433372,9999-12-31 00:00:00,2026-03-26 23:56:23.433372,2026-03-26 23:56:23.433372,u8537748
684,A7035,BBVA Securities Inc.,NY,Broker Dealer,f28a91de134dc6a520fab8b3062017c8,2026-03-26 23:56:23.433372,9999-12-31 00:00:00,2026-03-26 23:56:23.433372,2026-03-26 23:56:23.433372,u8537748
37,A7038,"BlackRock Investments, LLC",NY,Broker Dealer,73c710f9240ca6eef23ba4ff5f1e1da7,2026-03-26 23:56:23.433372,9999-12-31 00:00:00,2026-03-26 23:56:23.433372,2026-03-26 23:56:23.433372,u8537748
676,A7039,Valor Financial Securities LLC,FL,Broker Dealer,66f76e08c648b6d79e73bdbe961e09ce,2026-03-26 23:56:23.433372,9999-12-31 00:00:00,2026-03-26 23:56:23.433372,2026-03-26 23:56:23.433372,u8537748
208,A7042,"StoneCastle Securities, LLC",NY,Broker Dealer,5eec219f99419be50a18347244c6f98c,2026-03-26 23:56:23.433372,9999-12-31 00:00:00,2026-03-26 23:56:23.433372,2026-03-26 23:56:23.433372,u8537748
216,A7043,Harbor Investment Advisory LLC,MD,Broker Dealer,005e316f9f0880c04175a04598c00958,2026-03-26 23:56:23.433372,9999-12-31 00:00:00,2026-03-26 23:56:23.433372,2026-03-26 23:56:23.433372,u8537748
413,A7044,VectorGlobal WMG,FL,Broker Dealer,af6a29393dc00abd42043e01c3cda5ac,2026-03-26 23:56:23.433372,9999-12-31 00:00:00,2026-03-26 23:56:23.433372,2026-03-26 23:56:23.433372,u8537748
885,A7050,"Caldwell Sutter Capital, Inc.",CA,Broker Dealer,4c7470654a8f2eca3c2f8dd364042904,2026-03-26 23:56:23.433372,9999-12-31 00:00:00,2026-03-26 23:56:23.433372,2026-03-26 23:56:23.433372,u8537748
810,A7053,"Wellington Shields & Co., LLC",NY,Broker Dealer,7431971aa7fc435a02c2e0cd385a6afc,2026-03-26 23:56:23.433372,9999-12-31 00:00:00,2026-03-26 23:56:23.433372,2026-03-26 23:56:23.433372,u8537748
854,A7059,Manulife John Hancock Brokerage Services LLC,MA,Broker Dealer,a86768cd2a329bce11978be62d6c8e8e,2026-03-26 23:56:23.433372,9999-12-31 00:00:00,2026-03-26 23:56:23.433372,2026-03-26 23:56:23.433372,u8537748
387,A7075,"Arbor Research & Trading, LLC",IL,Broker Dealer,4c5d0ebddd9aec2824676255a5db42f2,2026-03-26 23:56:23.433372,9999-12-31 00:00:00,2026-03-26 23:56:23.433372,2026-03-26 23:56:23.433372,u8537748
67,A7076,"Alterna Securities, Inc.",TX,Broker Dealer,c0ba80e188540e1b91690f63fa5b1bab,2026-03-26 23:56:23.433372,9999-12-31 00:00:00,2026-03-26 23:56:23.433372,2026-03-26 23:56:23.433372,u8537748
45,A7083,"Larson Financial Securities, LLC",MO,Broker Dealer,1d4c373ad430d13754bee67d5dcc7500,2026-03-26 23:56:23.433372,9999-12-31 00:00:00,2026-03-26 23:56:23.433372,2026-03-26 23:56:23.433372,u8537748
549,A7084,"Columbia Management Investment Distributors, Inc.",MA,Broker Dealer,8a18c81278838ef87ed3716ef4e78f18,2026-03-26 23:56:23.433372,9999-12-31 00:00:00,2026-03-26 23:56:23.433372,2026-03-26 23:56:23.433372,u8537748
229,A7087,"Private Portfolio of San Diego, Inc.",CA,Broker Dealer,6b643baa8fe9e3588f33a8bf5c20c101,2026-03-26 23:56:23.433372,9999-12-31 00:00:00,2026-03-26 23:56:23.433372,2026-03-26 23:56:23.433372,u8537748
700,A7097,MarketAxess Corporation,NY,Broker Dealer,2b37f0be1cd62c3eb969a38467e5fd10,2026-03-26 23:56:23.433372,9999-12-31 00:00:00,2026-03-26 23:56:23.433372,2026-03-26 23:56:23.433372,u8537748
158,A7099,"CreativeOne Securities, LLC",KS,Broker Dealer,ca64fd3ed7ef3470207fe6d314f056ad,2026-03-26 23:56:23.433372,9999-12-31 00:00:00,2026-03-26 23:56:23.433372,2026-03-26 23:56:23.433372,u8537748
639,A7114,"Cohen & Company Securities, LLC",NY,Broker Dealer,819bbc7098545316d8a4c4fcab63d8b5,2026-03-26 23:56:23.433372,9999-12-31 00:00:00,2026-03-26 23:56:23.433372,2026-03-26 23:56:23.433372,u8537748
644,A7115,"Drexel Hamilton, LLC",NY,Broker Dealer,dc42bc3af6c1e3022fb426885e916f8b,2026-03-26 23:56:23.433372,9999-12-31 00:00:00,2026-03-26 23:56:23.433372,2026-03-26 23:56:23.433372,u8537748
511,A7118,NI Advisors Inc.,CA,Broker Dealer,41f6ab049d3f27f46c42f6763e26f929,2026-03-26 23:56:23.433372,9999-12-31 00:00:00,2026-03-26 23:56:23.433372,2026-03-26 23:56:23.433372,u8537748
431,A7120,"McLaughlin Ryder Investments, Inc.",VA,Broker Dealer,4d0156dc4cfd3a8277008b2a38a70f08,2026-03-26 23:56:23.433372,9999-12-31 00:00:00,2026-03-26 23:56:23.433372,2026-03-26 23:56:23.433372,u8537748
210,A7121,CAVU Securities LLC,NY,Broker Dealer,1eb5c043759bc5d625c1972b38b38e03,2026-03-26 23:56:23.433372,9999-12-31 00:00:00,2026-03-26 23:56:23.433372,2026-03-26 23:56:23.433372,u8537748
325,A7126,"SumRidge Partners, LLC",NJ,Broker Dealer,2188ffc15d5326ed1a592f8b3bd3e5b1,2026-03-26 23:56:23.433372,9999-12-31 00:00:00,2026-03-26 23:56:23.433372,2026-03-26 23:56:23.433372,u8537748
33,A7128,Virtu Americas LLC,NY,Broker Dealer,ccc2ff6a78ff012f07def8f99cb9b4ba,2026-03-26 23:56:23.433372,9999-12-31 00:00:00,2026-03-26 23:56:23.433372,2026-03-26 23:56:23.433372,u8537748
614,A7129,"Glendale Securities, Inc.",CA,Broker Dealer,d1e09cf7b441a4fa3c0f8dfe6446ce34,2026-03-26 23:56:23.433372,9999-12-31 00:00:00,2026-03-26 23:56:23.433372,2026-03-26 23:56:23.433372,u8537748
421,A7132,MBS Capital Markets LLC,FL,Broker Dealer,a8ab96331e3d9567990032ec4f171b88,2026-03-26 23:56:23.433372,9999-12-31 00:00:00,2026-03-26 23:56:23.433372,2026-03-26 23:56:23.433372,u8537748
496,A7134,"McDermott Investment Services, LLC",FL,Broker Dealer,56f2c833f690c63ec69bd7a99819f97c,2026-03-26 23:56:23.433372,9999-12-31 00:00:00,2026-03-26 23:56:23.433372,2026-03-26 23:56:23.433372,u8537748
481,A7139,"Gradient Securities, LLC",MN,Broker Dealer,40dbdd921c6855a2007c3fe83a0976d5,2026-03-26 23:56:23.433372,9999-12-31 00:00:00,2026-03-26 23:56:23.433372,2026-03-26 23:56:23.433372,u8537748
314,A7140,"Central States Capital Markets, LLC",KS,Broker Dealer,459f9c4bad302a4fea34e142efd55e50,2026-03-26 23:56:23.433372,9999-12-31 00:00:00,2026-03-26 23:56:23.433372,2026-03-26 23:56:23.433372,u8537748
907,A7142,"MSEC, LLC",KS,Broker Dealer,1719c81c596b367f4dc916940f348235,2026-03-26 23:56:23.433372,9999-12-31 00:00:00,2026-03-26 23:56:23.433372,2026-03-26 23:56:23.433372,u8537748
500,A7147,"Fortune Financial Services, Inc.",PA,Broker Dealer,3600240524ed59a2a7ba58e38088011b,2026-03-26 23:56:23.433372,9999-12-31 00:00:00,2026-03-26 23:56:23.433372,2026-03-26 23:56:23.433372,u8537748
707,A7162,Potomac Investment Co,FL,Broker Dealer,f5a3677bf7baf5bc763d6486ad5b6df0,2026-03-26 23:56:23.433372,9999-12-31 00:00:00,2026-03-26 23:56:23.433372,2026-03-26 23:56:23.433372,u8537748
84,A7175,Aurora Securities Inc,MI,Broker Dealer,6a1661e273204efd531f80f4a7ccc0ea,2026-03-26 23:56:23.433372,9999-12-31 00:00:00,2026-03-26 23:56:23.433372,2026-03-26 23:56:23.433372,u8537748
664,A7179,"LINCOLN DOUGLAS INVESTMENTS, LLC",OH,Broker Dealer,ebf125ac91a7c07a5a52e8144815d69d,2026-03-26 23:56:23.433372,9999-12-31 00:00:00,2026-03-26 23:56:23.433372,2026-03-26 23:56:23.433372,u8537748
681,A7188,"Peak Brokerage Services, LLC",FL,Broker Dealer,69159cd44f0f0f51464cc76bfa21273b,2026-03-26 23:56:23.433372,9999-12-31 00:00:00,2026-03-26 23:56:23.433372,2026-03-26 23:56:23.433372,u8537748
3,A7189,"Capital Research Brokerage Services, LLC",CA,Broker Dealer,3f38c9cc7d8d40ca36c59c0fea79aa67,2026-03-26 23:56:23.433372,9999-12-31 00:00:00,2026-03-26 23:56:23.433372,2026-03-26 23:56:23.433372,u8537748
558,A7201,"VOYA INVESTMENTS DISTRIBUTOR, LLC",CT,Broker Dealer,13bb77431ea3c4e621db46a8c28b35e4,2026-03-26 23:56:23.433372,9999-12-31 00:00:00,2026-03-26 23:56:23.433372,2026-03-26 23:56:23.433372,u8537748
858,A7202,Concorde Investment Services LLC,MI,Broker Dealer,7ee2b9711b8520a668e052e71052f07d,2026-03-26 23:56:23.433372,9999-12-31 00:00:00,2026-03-26 23:56:23.433372,2026-03-26 23:56:23.433372,u8537748
593,A7211,Dealerweb LLC,NJ,Broker Dealer,a04fcc18565f865ade55838b148289be,2026-03-26 23:56:23.433372,9999-12-31 00:00:00,2026-03-26 23:56:23.433372,2026-03-26 23:56:23.433372,u8537748
367,A7227,"PHX Financial, Inc.",NY,Broker Dealer,36b58121544d2e62af7032060e948f27,2026-03-26 23:56:23.433372,9999-12-31 00:00:00,2026-03-26 23:56:23.433372,2026-03-26 23:56:23.433372,u8537748
418,A7236,"Brownstone Investment Group, LLC",NY,Broker Dealer,0ab15d0c384b576010cf6078087ae721,2026-03-26 23:56:23.433372,9999-12-31 00:00:00,2026-03-26 23:56:23.433372,2026-03-26 23:56:23.433372,u8537748
197,A7241,"Security Capital Brokerage, Inc.",GA,Broker Dealer,ab9b9a395c4bb839e0fb595ecefe87fa,2026-03-26 23:56:23.433372,9999-12-31 00:00:00,2026-03-26 23:56:23.433372,2026-03-26 23:56:23.433372,u8537748
361,A7242,Benchmark Securities LLC,FL,Broker Dealer,c6c0ce4d7eed83b6acf5f5c445a721a7,2026-03-26 23:56:23.433372,9999-12-31 00:00:00,2026-03-26 23:56:23.433372,2026-03-26 23:56:23.433372,u8537748
139,A7244,Cabot Lodge Securities LLC,IL,Broker Dealer,d1c86a0697d27c142eb3ca7c0d980d3d,2026-03-26 23:56:23.433372,9999-12-31 00:00:00,2026-03-26 23:56:23.433372,2026-03-26 23:56:23.433372,u8537748
691,A7258,"Allied Millennial Partners, LLC",NY,Broker Dealer,efac5baef8d24c415ca82baedd8d58ff,2026-03-26 23:56:23.433372,9999-12-31 00:00:00,2026-03-26 23:56:23.433372,2026-03-26 23:56:23.433372,u8537748
269,A7264,MCG Securities LLC,PA,Broker Dealer,50a7145f024de29f96b93133c5a4602c,2026-03-26 23:56:23.433372,9999-12-31 00:00:00,2026-03-26 23:56:23.433372,2026-03-26 23:56:23.433372,u8537748
241,A7266,"Hartford Funds Distributors, LLC",PA,Broker Dealer,4bf7a48815be4cbb656886b5e25460d2,2026-03-26 23:56:23.433372,9999-12-31 00:00:00,2026-03-26 23:56:23.433372,2026-03-26 23:56:23.433372,u8537748
430,A7268,"TCFG Wealth Management, LLC",CA,Broker Dealer,4a1c08fb00ef7ece869c2d9127941f25,2026-03-26 23:56:23.433372,9999-12-31 00:00:00,2026-03-26 23:56:23.433372,2026-03-26 23:56:23.433372,u8537748
318,A7269,Raymond James (USA) Ltd.,BC,Broker Dealer,daef17034e51440c2979ceb6416da275,2026-03-26 23:56:23.433372,9999-12-31 00:00:00,2026-03-26 23:56:23.433372,2026-03-26 23:56:23.433372,u8537748
848,A7272,Apex Clearing Corporation,TX,Broker Dealer,6c736c3e52be42a2cd92b871eff2a356,2026-03-26 23:56:23.433372,9999-12-31 00:00:00,2026-03-26 23:56:23.433372,2026-03-26 23:56:23.433372,u8537748
295,A7285,TD Private Client Wealth LLC,NY,Broker Dealer,a2f747b42320fa82c57a0d06ae2db546,2026-03-26 23:56:23.433372,9999-12-31 00:00:00,2026-03-26 23:56:23.433372,2026-03-26 23:56:23.433372,u8537748
117,A7296,"EMPIRE STATE FINANCIAL, INC.",NY,Broker Dealer,0c3892dc0600940a7dc0205d259e6603,2026-03-26 23:56:23.433372,9999-12-31 00:00:00,2026-03-26 23:56:23.433372,2026-03-26 23:56:23.433372,u8537748
432,A7298,Four Points Capital Partners LLC,NJ,Broker Dealer,a71bb31f0edbf78b9d74289107fe348a,2026-03-26 23:56:23.433372,9999-12-31 00:00:00,2026-03-26 23:56:23.433372,2026-03-26 23:56:23.433372,u8537748
499,A7299,Investment Security Corporation,CA,Broker Dealer,bd92bf2350be29bd3ac71f3c98339838,2026-03-26 23:56:23.433372,9999-12-31 00:00:00,2026-03-26 23:56:23.433372,2026-03-26 23:56:23.433372,u8537748
778,A7303,"Falcon Square Capital, LLC",NC,Broker Dealer,c7de7a1151069e988334d5a26cacc9d9,2026-03-26 23:56:23.433372,9999-12-31 00:00:00,2026-03-26 23:56:23.433372,2026-03-26 23:56:23.433372,u8537748
147,A7305,"Jane Street Capital, LLC",NY,Broker Dealer,72404f6468f784e015b8aab7dd8e126d,2026-03-26 23:56:23.433372,9999-12-31 00:00:00,2026-03-26 23:56:23.433372,2026-03-26 23:56:23.433372,u8537748
908,A7307,Snowden Account Services LLC,NY,Broker Dealer,06b04255d43408f4d6c6a53d485ab703,2026-03-26 23:56:23.433372,9999-12-31 00:00:00,2026-03-26 23:56:23.433372,2026-03-26 23:56:23.433372,u8537748
362,A7317,CU Investment Solutions LLC,KS,Broker Dealer,2d9bcf2a7d785fbee15486cee444dafb,2026-03-26 23:56:23.433372,9999-12-31 00:00:00,2026-03-26 23:56:23.433372,2026-03-26 23:56:23.433372,u8537748
455,A7319,"Ministry Partners Securities, LLC",CA,Broker Dealer,654266d146c81fe4c0a4a5199fa833d2,2026-03-26 23:56:23.433372,9999-12-31 00:00:00,2026-03-26 23:56:23.433372,2026-03-26 23:56:23.433372,u8537748
458,A7327,StoneX Financial Inc.,FL,Broker Dealer,27394798ec245a13e53b27df20e1d27f,2026-03-26 23:56:23.433372,9999-12-31 00:00:00,2026-03-26 23:56:23.433372,2026-03-26 23:56:23.433372,u8537748
20,A7334,Millennium Advisors LLC,NC,Broker Dealer,2b0b6e5ec704ccfd5cd4ce63f8392382,2026-03-26 23:56:23.433372,9999-12-31 00:00:00,2026-03-26 23:56:23.433372,2026-03-26 23:56:23.433372,u8537748
737,A7338,"Regulus Financial Group, LLC",MI,Broker Dealer,3141f30e6ace2e4dfed5898987f6c869,2026-03-26 23:56:23.433372,9999-12-31 00:00:00,2026-03-26 23:56:23.433372,2026-03-26 23:56:23.433372,u8537748
304,A7339,DFPG Investments LLC,UT,Broker Dealer,6ebd8e0103f3903f177aa29b34b136b5,2026-03-26 23:56:23.433372,9999-12-31 00:00:00,2026-03-26 23:56:23.433372,2026-03-26 23:56:23.433372,u8537748
355,A7345,"Weitzel Financial Services, Inc.",IA,Broker Dealer,b8b05077f8d6236cb754a6c8714d62fd,2026-03-26 23:56:23.433372,9999-12-31 00:00:00,2026-03-26 23:56:23.433372,2026-03-26 23:56:23.433372,u8537748
829,A7346,Copper Financial,KS,Broker Dealer,b07b6467549e631fb475ab15c885ea71,2026-03-26 23:56:23.433372,9999-12-31 00:00:00,2026-03-26 23:56:23.433372,2026-03-26 23:56:23.433372,u8537748
347,A7349,"Boreal Capital Securities, LLC",FL,Broker Dealer,d2649262c280e08728dc58213f82b45c,2026-03-26 23:56:23.433372,9999-12-31 00:00:00,2026-03-26 23:56:23.433372,2026-03-26 23:56:23.433372,u8537748
46,A7350,Safra Securities LLC,NY,Broker Dealer,d8b146be157cecca9ce34293260b71cf,2026-03-26 23:56:23.433372,9999-12-31 00:00:00,2026-03-26 23:56:23.433372,2026-03-26 23:56:23.433372,u8537748
164,A7353,TD Financial Products LLC,IL,Broker Dealer,cb77e0be7087ed3d350dcb60bbf9682d,2026-03-26 23:56:23.433372,9999-12-31 00:00:00,2026-03-26 23:56:23.433372,2026-03-26 23:56:23.433372,u8537748
630,A7363,FHN Financial Securities Corp,TN,Broker Dealer,02f075e7a19af0ea4cfcc227ba6684f8,2026-03-26 23:56:23.433372,9999-12-31 00:00:00,2026-03-26 23:56:23.433372,2026-03-26 23:56:23.433372,u8537748
41,A7368,"Northern Lights Distributors, LLC",NE,Broker Dealer,b46761b34c1aff7b999c8cbfeded2207,2026-03-26 23:56:23.433372,9999-12-31 00:00:00,2026-03-26 23:56:23.433372,2026-03-26 23:56:23.433372,u8537748
650,A7377,"Jones Lang LaSalle Securities, LLC",IL,Broker Dealer/Municipal Advisor,63bee0cf78d8055d4b3e294814d5a259,2026-03-26 23:56:23.433372,9999-12-31 00:00:00,2026-03-26 23:56:23.433372,2026-03-26 23:56:23.433372,u8537748
874,A7380,"W&S Brokerage Services, Inc.",OH,Broker Dealer,f24c063e3fc6c4e48645ea66033e3f4f,2026-03-26 23:56:23.433372,9999-12-31 00:00:00,2026-03-26 23:56:23.433372,2026-03-26 23:56:23.433372,u8537748
271,A7381,ARCADIA SECURITIES LLC,NY,Broker Dealer,d57e306ad1ca013fa427046849e271c0,2026-03-26 23:56:23.433372,9999-12-31 00:00:00,2026-03-26 23:56:23.433372,2026-03-26 23:56:23.433372,u8537748
68,A7385,TIGRESS FINANCIAL PARTNERS LLC,NY,Broker Dealer,f47754ec2502338b8318de546b2b48eb,2026-03-26 23:56:23.433372,9999-12-31 00:00:00,2026-03-26 23:56:23.433372,2026-03-26 23:56:23.433372,u8537748
221,A7387,CGA Securities LLC,MD,Broker Dealer,fa8c831c867702ede14a2ef210d480c5,2026-03-26 23:56:23.433372,9999-12-31 00:00:00,2026-03-26 23:56:23.433372,2026-03-26 23:56:23.433372,u8537748
909,A7392,Westco Investment Corp.,NY,Broker Dealer,587b9eb060b64f9a90be347649339100,2026-03-26 23:56:23.433372,9999-12-31 00:00:00,2026-03-26 23:56:23.433372,2026-03-26 23:56:23.433372,u8537748
711,A7394,Mizuho Securities USA LLC,NY,Broker Dealer,d370a20dd189723cde3b1f6381515bf3,2026-03-26 23:56:23.433372,9999-12-31 00:00:00,2026-03-26 23:56:23.433372,2026-03-26 23:56:23.433372,u8537748
142,A7405,"TE Laird Securities, LLC",MN,Broker Dealer,791889c8656f765358f5206483d60496,2026-03-26 23:56:23.433372,9999-12-31 00:00:00,2026-03-26 23:56:23.433372,2026-03-26 23:56:23.433372,u8537748
697,A7406,"Tribal Capital Markets, LLC",NY,Broker Dealer,551054c410bb8bd8943865f64863560b,2026-03-26 23:56:23.433372,9999-12-31 00:00:00,2026-03-26 23:56:23.433372,2026-03-26 23:56:23.433372,u8537748
588,A7407,Carnes Capital Corporation,FL,Broker Dealer,1c288e6faadcd18302bdf7b46029092d,2026-03-26 23:56:23.433372,9999-12-31 00:00:00,2026-03-26 23:56:23.433372,2026-03-26 23:56:23.433372,u8537748
527,A7408,Craft Capital Management LLC,NY,Broker Dealer,58b25e2d5fafb9e83bcee2b49fb3cc13,2026-03-26 23:56:23.433372,9999-12-31 00:00:00,2026-03-26 23:56:23.433372,2026-03-26 23:56:23.433372,u8537748
78,A7411,"Monere Investments, Inc.",IL,Broker Dealer,0e4b386b2398fb7822e08fe58a4838c8,2026-03-26 23:56:23.433372,9999-12-31 00:00:00,2026-03-26 23:56:23.433372,2026-03-26 23:56:23.433372,u8537748
704,A7412,Bankers Life Securities Inc.,IL,Broker Dealer,f50dc1dba15dc65b3ff2721c56ca1ee7,2026-03-26 23:56:23.433372,9999-12-31 00:00:00,2026-03-26 23:56:23.433372,2026-03-26 23:56:23.433372,u8537748
121,A7413,ARK Global LLC,NY,Broker Dealer/Municipal Advisor,b44803a9c43bd81e71abde77e2c58d3e,2026-03-26 23:56:23.433372,9999-12-31 00:00:00,2026-03-26 23:56:23.433372,2026-03-26 23:56:23.433372,u8537748
237,A7417,"JOSEPH STONE CAPITAL, LLC",NY,Broker Dealer,f287a1aec85b5991fdbc28f5f93100a4,2026-03-26 23:56:23.433372,9999-12-31 00:00:00,2026-03-26 23:56:23.433372,2026-03-26 23:56:23.433372,u8537748
779,A7419,Institutional Bond Network LLC.,CA,Broker Dealer/Municipal Advisor,cecd17d40161ef166c07982eeedbd7f6,2026-03-26 23:56:23.433372,9999-12-31 00:00:00,2026-03-26 23:56:23.433372,2026-03-26 23:56:23.433372,u8537748
660,A7421,Wharton MidMarket Securities Inc.,CT,Broker Dealer,1a447af7272074e9fc58df4dbc09d512,2026-03-26 23:56:23.433372,9999-12-31 00:00:00,2026-03-26 23:56:23.433372,2026-03-26 23:56:23.433372,u8537748
539,A7424,"MORETON CAPITAL MARKETS, LLC",UT,Broker Dealer,c691d5cd6e0a7c698375f4795f06b045,2026-03-26 23:56:23.433372,9999-12-31 00:00:00,2026-03-26 23:56:23.433372,2026-03-26 23:56:23.433372,u8537748
43,A7428,Paulson Investment LLC,OR,Broker Dealer,8ec713654a7e39577749e4f4893510d0,2026-03-26 23:56:23.433372,9999-12-31 00:00:00,2026-03-26 23:56:23.433372,2026-03-26 23:56:23.433372,u8537748
575,A7429,"Sovereign Global Advisors, LLC",CO,Broker Dealer,f015c3b7f656748df49a0a37293621ba,2026-03-26 23:56:23.433372,9999-12-31 00:00:00,2026-03-26 23:56:23.433372,2026-03-26 23:56:23.433372,u8537748
563,A7432,"Coldstream Securities, Inc.",WA,Broker Dealer,d4f083ce33421b9f5cd6be3143c3e895,2026-03-26 23:56:23.433372,9999-12-31 00:00:00,2026-03-26 23:56:23.433372,2026-03-26 23:56:23.433372,u8537748
850,A7434,YR Securities LLC,VA,Broker Dealer,e26dbc701ae97792a298bed93776ca95,2026-03-26 23:56:23.433372,9999-12-31 00:00:00,2026-03-26 23:56:23.433372,2026-03-26 23:56:23.433372,u8537748
505,A7440,"Flow Traders U.S., LLC",NY,Broker Dealer,52ba3a983e564e5188f419d1d862a4b9,2026-03-26 23:56:23.433372,9999-12-31 00:00:00,2026-03-26 23:56:23.433372,2026-03-26 23:56:23.433372,u8537748
562,A7441,"STONECREST CAPITAL MARKETS, INC.",TX,Broker Dealer,508237c18998b7d00d8bf1bbe09dbd6e,2026-03-26 23:56:23.433372,9999-12-31 00:00:00,2026-03-26 23:56:23.433372,2026-03-26 23:56:23.433372,u8537748
856,A7442,MCAP LLC,NY,Broker Dealer,f7e26b92ff9561a6d28cbac2dce19b7d,2026-03-26 23:56:23.433372,9999-12-31 00:00:00,2026-03-26 23:56:23.433372,2026-03-26 23:56:23.433372,u8537748
406,A7448,"Honey Badger Investment Securities, LLC",CA,Broker Dealer,540b623478a3c314c21aaf580f83cd1c,2026-03-26 23:56:23.433372,9999-12-31 00:00:00,2026-03-26 23:56:23.433372,2026-03-26 23:56:23.433372,u8537748
382,A7449,Apexus Capital LLC,CA,Broker Dealer,b57ddc37947855258df448d83928f6dc,2026-03-26 23:56:23.433372,9999-12-31 00:00:00,2026-03-26 23:56:23.433372,2026-03-26 23:56:23.433372,u8537748
523,A7456,"ViewTrade Securities, Inc.",FL,Broker Dealer,7b2dea3c6cbf9b6c270c9404a94cb03a,2026-03-26 23:56:23.433372,9999-12-31 00:00:00,2026-03-26 23:56:23.433372,2026-03-26 23:56:23.433372,u8537748
912,A7460,"State Street Global Markets, LLC",MA,Broker Dealer,7968486b9e56454c9902c626527a5ad3,2026-03-26 23:56:23.433372,9999-12-31 00:00:00,2026-03-26 23:56:23.433372,2026-03-26 23:56:23.433372,u8537748
334,A7463,"Halo Securities, LLC",IL,Broker Dealer,b8d9cf268ce81cefb89e0c1a3102d725,2026-03-26 23:56:23.433372,9999-12-31 00:00:00,2026-03-26 23:56:23.433372,2026-03-26 23:56:23.433372,u8537748
2,A7464,"Zeus Financial, LLC",FL,Broker Dealer,5a771b9f587385654a5dbaf3503bf27d,2026-03-26 23:56:23.433372,9999-12-31 00:00:00,2026-03-26 23:56:23.433372,2026-03-26 23:56:23.433372,u8537748
750,A7465,Mirae Asset Securities (USA) Inc.,NY,Broker Dealer,5f729814319f48c06de67e94abef72a5,2026-03-26 23:56:23.433372,9999-12-31 00:00:00,2026-03-26 23:56:23.433372,2026-03-26 23:56:23.433372,u8537748
190,A7466,VISIONS ANALYSIS LLC,NY,Broker Dealer,51a5857873a26685e59d29620068a445,2026-03-26 23:56:23.433372,9999-12-31 00:00:00,2026-03-26 23:56:23.433372,2026-03-26 23:56:23.433372,u8537748
435,A7467,"ANOS Capital, LLC.",NY,Broker Dealer,7ada7b0a3f3a4eeb755abb725ed98348,2026-03-26 23:56:23.433372,9999-12-31 00:00:00,2026-03-26 23:56:23.433372,2026-03-26 23:56:23.433372,u8537748
202,A7471,Arkadios Capital,GA,Broker Dealer,91e979fc1d5133db1b089313d1bed16e,2026-03-26 23:56:23.433372,9999-12-31 00:00:00,2026-03-26 23:56:23.433372,2026-03-26 23:56:23.433372,u8537748
487,A7472,"First Southern, LLC,",PR,Broker Dealer,ee080e138c75824ffd27ed49f8e3d264,2026-03-26 23:56:23.433372,9999-12-31 00:00:00,2026-03-26 23:56:23.433372,2026-03-26 23:56:23.433372,u8537748
34,A7474,Quint Capital Corporation,NY,Broker Dealer,4415a40a1973e95d4eb0895b2fc91952,2026-03-26 23:56:23.433372,9999-12-31 00:00:00,2026-03-26 23:56:23.433372,2026-03-26 23:56:23.433372,u8537748
618,A7477,"B. Riley Securities, Inc.",CA,Broker Dealer,3ab1d3af7b8cd76ac09092e177ff3888,2026-03-26 23:56:23.433372,9999-12-31 00:00:00,2026-03-26 23:56:23.433372,2026-03-26 23:56:23.433372,u8537748
115,A7479,"Bancroft Capital, LLC",PA,Broker Dealer,375df76fcf7aa7d7ea9ce4e74a0d497d,2026-03-26 23:56:23.433372,9999-12-31 00:00:00,2026-03-26 23:56:23.433372,2026-03-26 23:56:23.433372,u8537748
279,A7480,ICE Bonds Securities Corporation,NY,Broker Dealer,b5f308c7baee9321bf22bdf7a90bd041,2026-03-26 23:56:23.433372,9999-12-31 00:00:00,2026-03-26 23:56:23.433372,2026-03-26 23:56:23.433372,u8537748
670,A7481,"Stratos Wealth Securities, LLC",OH,Broker Dealer,283034e8500e74d9bf578cf711917e56,2026-03-26 23:56:23.433372,9999-12-31 00:00:00,2026-03-26 23:56:23.433372,2026-03-26 23:56:23.433372,u8537748
24,A7482,"Linden Thomas and Company Securities, LLC",NC,Broker Dealer,71c7614ecd0f9703bf19d4704d153be4,2026-03-26 23:56:23.433372,9999-12-31 00:00:00,2026-03-26 23:56:23.433372,2026-03-26 23:56:23.433372,u8537748
736,A7484,REVL Securities LLC,PA,Broker Dealer,cccc122643dbe07da4e8f794758ef453,2026-03-26 23:56:23.433372,9999-12-31 00:00:00,2026-03-26 23:56:23.433372,2026-03-26 23:56:23.433372,u8537748
692,A7492,"Amerivet Securities, Inc",NY,Broker Dealer,003e17adef49e2b1034023e11967da1c,2026-03-26 23:56:23.433372,9999-12-31 00:00:00,2026-03-26 23:56:23.433372,2026-03-26 23:56:23.433372,u8537748
661,A7493,"Monex Securities, Inc.",TX,Broker Dealer,9e0b6cf822b6f392e740f0b6a94c0d76,2026-03-26 23:56:23.433372,9999-12-31 00:00:00,2026-03-26 23:56:23.433372,2026-03-26 23:56:23.433372,u8537748
859,A7494,"Clear Street, LLC",NY,Broker Dealer,74b72469a1f1e3acab36484e47036100,2026-03-26 23:56:23.433372,9999-12-31 00:00:00,2026-03-26 23:56:23.433372,2026-03-26 23:56:23.433372,u8537748
578,A7495,"American Veterans Group, PBC",NY,Broker Dealer,3ff27fc1221bedf078346f3f5c71a62c,2026-03-26 23:56:23.433372,9999-12-31 00:00:00,2026-03-26 23:56:23.433372,2026-03-26 23:56:23.433372,u8537748
548,A7500,"Liberty Associates, Inc.",NY,Broker Dealer,29d8e854d434e12f70c5fae8925be236,2026-03-26 23:56:23.433372,9999-12-31 00:00:00,2026-03-26 23:56:23.433372,2026-03-26 23:56:23.433372,u8537748
568,A7502,"Kingswood CAPITAL PARTNERS, LLC",CA,Broker Dealer,d8f9663f758e9b90b8344f2a236fb555,2026-03-26 23:56:23.433372,9999-12-31 00:00:00,2026-03-26 23:56:23.433372,2026-03-26 23:56:23.433372,u8537748
284,A7503,Trumid Financial LLC,NY,Broker Dealer,77cbda16d74661f55f593e6a4086decf,2026-03-26 23:56:23.433372,9999-12-31 00:00:00,2026-03-26 23:56:23.433372,2026-03-26 23:56:23.433372,u8537748
149,A7505,Innovation Partners LLC,NC,Broker Dealer,31ab5bca99dc1ce37ad001a85ec25dff,2026-03-26 23:56:23.433372,9999-12-31 00:00:00,2026-03-26 23:56:23.433372,2026-03-26 23:56:23.433372,u8537748
766,A7506,National Bank of Canada Financial Inc.,NY,Broker Dealer,b789416a6225246b20a35548a9275f77,2026-03-26 23:56:23.433372,9999-12-31 00:00:00,2026-03-26 23:56:23.433372,2026-03-26 23:56:23.433372,u8537748
725,A7507,Nest Investments BD LLC,PA,Broker Dealer,5553cb4c2f87b211bf750a8f3de5132c,2026-03-26 23:56:23.433372,9999-12-31 00:00:00,2026-03-26 23:56:23.433372,2026-03-26 23:56:23.433372,u8537748
106,A7511,Virtus Capital Markets LLC,CT,Broker Dealer,8610382c6b30dee99a7263ed73cad26d,2026-03-26 23:56:23.433372,9999-12-31 00:00:00,2026-03-26 23:56:23.433372,2026-03-26 23:56:23.433372,u8537748
270,A7515,Old Mission Capital LLC,IL,Broker Dealer,47b6516e51a3947d925d42e5efaacd54,2026-03-26 23:56:23.433372,9999-12-31 00:00:00,2026-03-26 23:56:23.433372,2026-03-26 23:56:23.433372,u8537748
317,A7517,"Empower Financial Services, Inc.",CO,Broker Dealer,05d37953eb3f91e58221e6f6c32803d6,2026-03-26 23:56:23.433372,9999-12-31 00:00:00,2026-03-26 23:56:23.433372,2026-03-26 23:56:23.433372,u8537748
198,A7519,"BofA Securities, Inc.",NY,Broker Dealer,d5ac920b7a243eadf580abdadbf5315c,2026-03-26 23:56:23.433372,9999-12-31 00:00:00,2026-03-26 23:56:23.433372,2026-03-26 23:56:23.433372,u8537748
531,A7520,Mountainside Securities LLC,NJ,Broker Dealer,ba4b731b48d191d7e17848a675597529,2026-03-26 23:56:23.433372,9999-12-31 00:00:00,2026-03-26 23:56:23.433372,2026-03-26 23:56:23.433372,u8537748
463,A7521,Rockefeller Financial LLC,NY,Broker Dealer,b01030c515f5195620c9323b790b6215,2026-03-26 23:56:23.433372,9999-12-31 00:00:00,2026-03-26 23:56:23.433372,2026-03-26 23:56:23.433372,u8537748
410,A7522,"Fortress Private Ledger, LLC",NC,Broker Dealer,99d27ecd3013960a638bbd2a876a6b65,2026-03-26 23:56:23.433372,9999-12-31 00:00:00,2026-03-26 23:56:23.433372,2026-03-26 23:56:23.433372,u8537748
44,A7523,"San Blas Securities, LLC",IL,Broker Dealer,283456427727ebfb52ae12573fd88908,2026-03-26 23:56:23.433372,9999-12-31 00:00:00,2026-03-26 23:56:23.433372,2026-03-26 23:56:23.433372,u8537748
717,A7525,"CHURCHILL STATESIDE SECURITIES, LLC.",IL,Broker Dealer/Municipal Advisor,d33111c8f071819112727a449795fa3f,2026-03-26 23:56:23.433372,9999-12-31 00:00:00,2026-03-26 23:56:23.433372,2026-03-26 23:56:23.433372,u8537748
166,A7529,"Ocean Financial Services, LLC",FL,Broker Dealer,f2dfe63910b1693b80b1fca1bf876a4e,2026-03-26 23:56:23.433372,9999-12-31 00:00:00,2026-03-26 23:56:23.433372,2026-03-26 23:56:23.433372,u8537748
762,A7531,"Robertson Stephens Capital Markets, LLC",CA,Broker Dealer,9bfabfebb1651c6e84baad1cf0f1f14b,2026-03-26 23:56:23.433372,9999-12-31 00:00:00,2026-03-26 23:56:23.433372,2026-03-26 23:56:23.433372,u8537748
335,A7532,"DAI Securities, LLC",GA,Broker Dealer,6ebaee4ed1b165b5f9c68f72058c0a06,2026-03-26 23:56:23.433372,9999-12-31 00:00:00,2026-03-26 23:56:23.433372,2026-03-26 23:56:23.433372,u8537748
671,A7534,"Victory Capital Services, Inc.",OH,Broker Dealer,b0e5883705d214680c7deae095d811fb,2026-03-26 23:56:23.433372,9999-12-31 00:00:00,2026-03-26 23:56:23.433372,2026-03-26 23:56:23.433372,u8537748
187,A7536,"ICE Securities Execution & Clearing, LLC",NY,Broker Dealer,66e08144b443bed3832bcd7ec1eba148,2026-03-26 23:56:23.433372,9999-12-31 00:00:00,2026-03-26 23:56:23.433372,2026-03-26 23:56:23.433372,u8537748
503,A7538,"IFP Securities, LLC",FL,Broker Dealer,c36d34a00d219a752d4e8944daf46ac1,2026-03-26 23:56:23.433372,9999-12-31 00:00:00,2026-03-26 23:56:23.433372,2026-03-26 23:56:23.433372,u8537748
368,A7539,"MFR Securities, Inc",FL,Broker Dealer,b2fc9fbc8acb64fecaefe81d9c8ed37a,2026-03-26 23:56:23.433372,9999-12-31 00:00:00,2026-03-26 23:56:23.433372,2026-03-26 23:56:23.433372,u8537748
656,A7540,Invicta Capital LLC,PA,Broker Dealer,92b9dba6049cad51b9e849a180970683,2026-03-26 23:56:23.433372,9999-12-31 00:00:00,2026-03-26 23:56:23.433372,2026-03-26 23:56:23.433372,u8537748
685,A7541,"Alphaledger Markets, Inc",WA,Broker Dealer,e4535d831132f5330963b5f310a0f4eb,2026-03-26 23:56:23.433372,9999-12-31 00:00:00,2026-03-26 23:56:23.433372,2026-03-26 23:56:23.433372,u8537748
801,A7542,MMA Securities LLC,NY,Broker Dealer,ce2a46939da82ae4c664ff255fdf0088,2026-03-26 23:56:23.433372,9999-12-31 00:00:00,2026-03-26 23:56:23.433372,2026-03-26 23:56:23.433372,u8537748
395,A7543,"Principal Funds Distributor, Inc.",IA,Broker Dealer,ec46525981db99dad3391a49581976e0,2026-03-26 23:56:23.433372,9999-12-31 00:00:00,2026-03-26 23:56:23.433372,2026-03-26 23:56:23.433372,u8537748
307,A7547,United First Partners LLC,NY,Broker Dealer,cf98e3425c56987eb7c4375768a197e5,2026-03-26 23:56:23.433372,9999-12-31 00:00:00,2026-03-26 23:56:23.433372,2026-03-26 23:56:23.433372,u8537748
669,A7549,"Johnstone Brokerage Services, LLC",TX,Broker Dealer,186871126c2d67e690a0f2ab03af34e9,2026-03-26 23:56:23.433372,9999-12-31 00:00:00,2026-03-26 23:56:23.433372,2026-03-26 23:56:23.433372,u8537748
683,A7551,"AE Financial Services, LLC",KS,Broker Dealer,19a00018b90adafd9e302c9af727dd79,2026-03-26 23:56:23.433372,9999-12-31 00:00:00,2026-03-26 23:56:23.433372,2026-03-26 23:56:23.433372,u8537748
798,A7553,"Hoopoe Capital Markets, LLC",MA,Broker Dealer,6a198d2e04033d786e52e8812fd041af,2026-03-26 23:56:23.433372,9999-12-31 00:00:00,2026-03-26 23:56:23.433372,2026-03-26 23:56:23.433372,u8537748
320,A7555,"GPWA, LLC",TN,Broker Dealer,91c1cfeb79575779f2bc3beab483c494,2026-03-26 23:56:23.433372,9999-12-31 00:00:00,2026-03-26 23:56:23.433372,2026-03-26 23:56:23.433372,u8537748
719,A7562,Altruist Financial LLC,TX,Broker Dealer,92211c9e4ec3eeb380e16c6ea29942d9,2026-03-26 23:56:23.433372,9999-12-31 00:00:00,2026-03-26 23:56:23.433372,2026-03-26 23:56:23.433372,u8537748
39,A7563,Axos Invest LLC,NV,Broker Dealer,f7910c70a6acb3984e8ddc30f8f60f86,2026-03-26 23:56:23.433372,9999-12-31 00:00:00,2026-03-26 23:56:23.433372,2026-03-26 23:56:23.433372,u8537748
619,A7569,"RetireOne Investment Services, LLC",KY,Broker Dealer,d826d86ea95feec047ea277dcc9948aa,2026-03-26 23:56:23.433372,9999-12-31 00:00:00,2026-03-26 23:56:23.433372,2026-03-26 23:56:23.433372,u8537748
793,A7570,"SoFi Securities, LLC",CA,Broker Dealer,af28b1b0a32590302f0ee08c6b25a7ca,2026-03-26 23:56:23.433372,9999-12-31 00:00:00,2026-03-26 23:56:23.433372,2026-03-26 23:56:23.433372,u8537748
759,A7572,Bloomberg Tradebook LLC,NY,Broker Dealer,bb422556e7d21599ade7859aec64b89f,2026-03-26 23:56:23.433372,9999-12-31 00:00:00,2026-03-26 23:56:23.433372,2026-03-26 23:56:23.433372,u8537748
38,A7574,BANORTE SECURITIES INTERNATIONAL LTD,TX,Broker Dealer,97f05f6820333e79795641bce240ac10,2026-03-26 23:56:23.433372,9999-12-31 00:00:00,2026-03-26 23:56:23.433372,2026-03-26 23:56:23.433372,u8537748
899,A7576,"CINCAP INVESTMENT GROUP, LLC",OH,Broker Dealer,23005cc7b9d015b538fb1d8f18c10efb,2026-03-26 23:56:23.433372,9999-12-31 00:00:00,2026-03-26 23:56:23.433372,2026-03-26 23:56:23.433372,u8537748
556,A7577,ADVANCED STRATEGIES BROKER DEALER LLC,TN,Broker Dealer,df06d187e02244a7cd84b4b06d024e84,2026-03-26 23:56:23.433372,9999-12-31 00:00:00,2026-03-26 23:56:23.433372,2026-03-26 23:56:23.433372,u8537748
390,A7578,VP Distributors LLC,CT,Broker Dealer,172967928feac971905cbc811af3f6ea,2026-03-26 23:56:23.433372,9999-12-31 00:00:00,2026-03-26 23:56:23.433372,2026-03-26 23:56:23.433372,u8537748
451,A7579,InspereX LLC,FL,Broker Dealer,0d362429864316c46969febcee8baf63,2026-03-26 23:56:23.433372,9999-12-31 00:00:00,2026-03-26 23:56:23.433372,2026-03-26 23:56:23.433372,u8537748
903,A7581,Velocity Clearing LLC,NJ,Broker Dealer,9227806650619402207fbf15043d10bd,2026-03-26 23:56:23.433372,9999-12-31 00:00:00,2026-03-26 23:56:23.433372,2026-03-26 23:56:23.433372,u8537748
783,A7582,FNB America Securities LLC,PA,Broker Dealer,e9efb29800d7190aa21f5a5695ea803f,2026-03-26 23:56:23.433372,9999-12-31 00:00:00,2026-03-26 23:56:23.433372,2026-03-26 23:56:23.433372,u8537748
375,A7583,Palmas Securities,PR,Broker Dealer,c484a7f6a65eb296c475d5a7add3c71d,2026-03-26 23:56:23.433372,9999-12-31 00:00:00,2026-03-26 23:56:23.433372,2026-03-26 23:56:23.433372,u8537748
76,A7586,"Folio Investments, Inc.",VA,Broker Dealer,72ae8e91b0dedab7b3b848a703cbd223,2026-03-26 23:56:23.433372,9999-12-31 00:00:00,2026-03-26 23:56:23.433372,2026-03-26 23:56:23.433372,u8537748
518,A7589,2021 Capital,IL,Broker Dealer,0ec97342ff8027c91b2bf3c092f02874,2026-03-26 23:56:23.433372,9999-12-31 00:00:00,2026-03-26 23:56:23.433372,2026-03-26 23:56:23.433372,u8537748
261,A7590,AQUAS Financial LLC,TX,Broker Dealer,1e81e827ab0d426e9fb378132402170b,2026-03-26 23:56:23.433372,9999-12-31 00:00:00,2026-03-26 23:56:23.433372,2026-03-26 23:56:23.433372,u8537748
826,A7592,"RCX Capital Group, LLC",TX,Broker Dealer,75e6b2643d58d60fd805e02447963096,2026-03-26 23:56:23.433372,9999-12-31 00:00:00,2026-03-26 23:56:23.433372,2026-03-26 23:56:23.433372,u8537748
782,A7594,"Great Point Capital, LLC",IL,Broker Dealer,7326246f3eac3a15edfc2d157349fdd3,2026-03-26 23:56:23.433372,9999-12-31 00:00:00,2026-03-26 23:56:23.433372,2026-03-26 23:56:23.433372,u8537748
816,A7604,TCBI Securities Inc.,TX,Broker Dealer/Municipal Advisor,6705efb0d1d1f8467a25760e79aa3486,2026-03-26 23:56:23.433372,9999-12-31 00:00:00,2026-03-26 23:56:23.433372,2026-03-26 23:56:23.433372,u8537748
251,A7605,"Nortlov Securities, LLC",GA,Broker Dealer,daee78fd4da5cfda6c4aa773f22f81ec,2026-03-26 23:56:23.433372,9999-12-31 00:00:00,2026-03-26 23:56:23.433372,2026-03-26 23:56:23.433372,u8537748
443,A7606,"Elequin Securities, LLC",NY,Broker Dealer,2d3998e6a4d2873e7fbce9c8bfb620ef,2026-03-26 23:56:23.433372,9999-12-31 00:00:00,2026-03-26 23:56:23.433372,2026-03-26 23:56:23.433372,u8537748
756,A7608,"PWA Securities, LLC",FL,Broker Dealer,9d21575371851e52fc9fae88b6017aea,2026-03-26 23:56:23.433372,9999-12-31 00:00:00,2026-03-26 23:56:23.433372,2026-03-26 23:56:23.433372,u8537748
116,A7609,Atomic Brokerage LLC,NY,Broker Dealer,c16b6a0532811c2f8527508c31df91d0,2026-03-26 23:56:23.433372,9999-12-31 00:00:00,2026-03-26 23:56:23.433372,2026-03-26 23:56:23.433372,u8537748
742,A7612,"Primerica Brokerage Services, Inc.",GA,Broker Dealer,50fb25da7279dd3e17ca3f2abf777faf,2026-03-26 23:56:23.433372,9999-12-31 00:00:00,2026-03-26 23:56:23.433372,2026-03-26 23:56:23.433372,u8537748
882,A7614,"TRB Capital Markets, LLC",TX,Broker Dealer/Municipal Advisor,930e1aa4518bb8ffeafbd0357b9a2007,2026-03-26 23:56:23.433372,9999-12-31 00:00:00,2026-03-26 23:56:23.433372,2026-03-26 23:56:23.433372,u8537748
169,A7618,"Strong Capital Markets, LLC",CT,Broker Dealer,b8cdb944cecdd888d1e95a8fddf6be05,2026-03-26 23:56:23.433372,9999-12-31 00:00:00,2026-03-26 23:56:23.433372,2026-03-26 23:56:23.433372,u8537748
141,A7619,Par5 Capital & Co LLC,FL,Broker Dealer,469cbee48fa9c0f74c6f8e05d797f3aa,2026-03-26 23:56:23.433372,9999-12-31 00:00:00,2026-03-26 23:56:23.433372,2026-03-26 23:56:23.433372,u8537748
365,A7621,"M STEVENS SECURITIES, LLC",NV,Broker Dealer,fdfb9fc48eb5608bdfe360ab1e849271,2026-03-26 23:56:23.433372,9999-12-31 00:00:00,2026-03-26 23:56:23.433372,2026-03-26 23:56:23.433372,u8537748
350,A7623,IUR Securities LLC,FL,Broker Dealer,188eae4cf6c1691b42a3abd8c3775c84,2026-03-26 23:56:23.433372,9999-12-31 00:00:00,2026-03-26 23:56:23.433372,2026-03-26 23:56:23.433372,u8537748
682,A7628,MOMENTUS SECURITIES LLC,NY,Broker Dealer/Municipal Advisor,d49f11c5894a7071b764e137c3788828,2026-03-26 23:56:23.433372,9999-12-31 00:00:00,2026-03-26 23:56:23.433372,2026-03-26 23:56:23.433372,u8537748
184,A7629,Moment Markets LLC,NY,Broker Dealer,dfbeb0ce003ab8df5d8b33f57766d765,2026-03-26 23:56:23.433372,9999-12-31 00:00:00,2026-03-26 23:56:23.433372,2026-03-26 23:56:23.433372,u8537748
62,A7630,OpenYield Trading LLC,NY,Broker Dealer,afc56fcc3910dd3ab15586e9c90e0dbf,2026-03-26 23:56:23.433372,9999-12-31 00:00:00,2026-03-26 23:56:23.433372,2026-03-26 23:56:23.433372,u8537748
9,A7631,Van Clemens & Co. Incorporated,MN,Broker Dealer,32a88d65e7c8c8d1eaaeca4c746414cc,2026-03-26 23:56:23.433372,9999-12-31 00:00:00,2026-03-26 23:56:23.433372,2026-03-26 23:56:23.433372,u8537748
192,A7633,Supreme Alliance LLC,NC,Broker Dealer,dacb8d2ce11d9615861472ae73e33eca,2026-03-26 23:56:23.433372,9999-12-31 00:00:00,2026-03-26 23:56:23.433372,2026-03-26 23:56:23.433372,u8537748
143,A7634,"Lampert Capitals Market, Inc.",NY,Broker Dealer,80a762c5777cdb80525a8e08cbb95828,2026-03-26 23:56:23.433372,9999-12-31 00:00:00,2026-03-26 23:56:23.433372,2026-03-26 23:56:23.433372,u8537748
594,A7637,"METRIC FINANCIAL, LLC",GA,Broker Dealer,d6622f8a12a35d9f9732495c59efcff4,2026-03-26 23:56:23.433372,9999-12-31 00:00:00,2026-03-26 23:56:23.433372,2026-03-26 23:56:23.433372,u8537748
152,A7638,"Mariva Capital Markets, LLC",FL,Broker Dealer,f518b4f5017be174486f260a89ecc164,2026-03-26 23:56:23.433372,9999-12-31 00:00:00,2026-03-26 23:56:23.433372,2026-03-26 23:56:23.433372,u8537748
178,A7640,"Ultimus Fund Distributors, LLC",OH,Broker Dealer,60fe00743e0918fe159b71abe7ee07fc,2026-03-26 23:56:23.433372,9999-12-31 00:00:00,2026-03-26 23:56:23.433372,2026-03-26 23:56:23.433372,u8537748
17,A7641,CADZ Securities Inc,FL,Broker Dealer,9bf36005ba2fc69e5b89ea9f7fe5811f,2026-03-26 23:56:23.433372,9999-12-31 00:00:00,2026-03-26 23:56:23.433372,2026-03-26 23:56:23.433372,u8537748
795,A7644,"Bluefin Capital Management, LLC",NY,Broker Dealer,887f3709bc28ecfd6c1e61fb30f87df2,2026-03-26 23:56:23.433372,9999-12-31 00:00:00,2026-03-26 23:56:23.433372,2026-03-26 23:56:23.433372,u8537748
56,A7645,Tower Principal Markets LLC,SC,Broker Dealer,57fb0079457d35ae5ce6feb058cc057b,2026-03-26 23:56:23.433372,9999-12-31 00:00:00,2026-03-26 23:56:23.433372,2026-03-26 23:56:23.433372,u8537748
372,A7649,"Chandler Distribution Services, LLC",CA,Broker Dealer,9c8dc09194229db8515dc9b16d89cced,2026-03-26 23:56:23.433372,9999-12-31 00:00:00,2026-03-26 23:56:23.433372,2026-03-26 23:56:23.433372,u8537748
532,A7652,Global Oak Capital Markets LLC,SC,Broker Dealer,a3c700cdd2498788b6d4b1d03a799b7e,2026-03-26 23:56:23.433372,9999-12-31 00:00:00,2026-03-26 23:56:23.433372,2026-03-26 23:56:23.433372,u8537748
570,A7653,Webull Financial LLC,NY,Broker Dealer,e418af2945445df61c4f25cec21a8ead,2026-03-26 23:56:23.433372,9999-12-31 00:00:00,2026-03-26 23:56:23.433372,2026-03-26 23:56:23.433372,u8537748
285,A7654,Lightspeed Financial Services Group LLC,NJ,Broker Dealer,ce1768839582b72d4d1449efd74bf892,2026-03-26 23:56:23.433372,9999-12-31 00:00:00,2026-03-26 23:56:23.433372,2026-03-26 23:56:23.433372,u8537748
747,A7655,Balanz Capital USA LLC,FL,Broker Dealer,424da30fedeb8a4e78c718c417e6d0fb,2026-03-26 23:56:23.433372,9999-12-31 00:00:00,2026-03-26 23:56:23.433372,2026-03-26 23:56:23.433372,u8537748
604,A7657,Wedbush & Co. LLC,NY,Broker Dealer,05c46461cb4d67401a97d70b5dbacab9,2026-03-26 23:56:23.433372,9999-12-31 00:00:00,2026-03-26 23:56:23.433372,2026-03-26 23:56:23.433372,u8537748
412,A7658,C&C Trading LLC,CT,Broker Dealer,b7a3befa547bdffc9a575b279c2964e3,2026-03-26 23:56:23.433372,9999-12-31 00:00:00,2026-03-26 23:56:23.433372,2026-03-26 23:56:23.433372,u8537748
337,A7659,"Vestwell Securities, LLC",NY,Broker Dealer,4d118ed5796266e84c7cc094225dd7e1,2026-03-26 23:56:23.433372,9999-12-31 00:00:00,2026-03-26 23:56:23.433372,2026-03-26 23:56:23.433372,u8537748
494,A7660,"MEEDER DISTRIBUTION SERVICES, INC.",OH,Broker Dealer,be8fa3a5c8234c6f50baa13080700c17,2026-03-26 23:56:23.433372,9999-12-31 00:00:00,2026-03-26 23:56:23.433372,2026-03-26 23:56:23.433372,u8537748
589,A7661,"HEG Securities, LLC",CT,Broker Dealer,0df901b4f59ce95c4719a27ba289f537,2026-03-26 23:56:23.433372,9999-12-31 00:00:00,2026-03-26 23:56:23.433372,2026-03-26 23:56:23.433372,u8537748
96,A7662,"Quincy Wells Capital, LLC",IL,Broker Dealer,e33d0c3e0a7d154085bd55f54cf4c736,2026-03-26 23:56:23.433372,9999-12-31 00:00:00,2026-03-26 23:56:23.433372,2026-03-26 23:56:23.433372,u8537748
71,A7663,E.F.Hutton & Co. LLC,NM,Broker Dealer,10fe49f1075dab4fe8a66823c82320fb,2026-03-26 23:56:23.433372,9999-12-31 00:00:00,2026-03-26 23:56:23.433372,2026-03-26 23:56:23.433372,u8537748
440,A7664,PARK PLACE CAPITAL SECURITIES CORP.,AL,Broker Dealer,969695035642558738f96bd5b8b59c6d,2026-03-26 23:56:23.433372,9999-12-31 00:00:00,2026-03-26 23:56:23.433372,2026-03-26 23:56:23.433372,u8537748
545,A7665,"Regional Brokers, Inc.",PA,Broker Dealer,c80626e8521d317d98daa1531c5a419f,2026-03-26 23:56:23.433372,9999-12-31 00:00:00,2026-03-26 23:56:23.433372,2026-03-26 23:56:23.433372,u8537748
919,A7666,"Kimbank Capital Group, LLC",IL,Broker Dealer,19f540d6069401ce5568634ae51ede38,2026-03-26 23:56:23.433372,9999-12-31 00:00:00,2026-03-26 23:56:23.433372,2026-03-26 23:56:23.433372,u8537748
127,A7669,"Pioneer Capital Markets, Inc",NC,Broker Dealer,bd55b7859fcc5419f9744033f71f036a,2026-03-26 23:56:23.433372,9999-12-31 00:00:00,2026-03-26 23:56:23.433372,2026-03-26 23:56:23.433372,u8537748
352,A7673,Marex Capital Markets Inc.,NY,Broker Dealer,bdb713cd9ff9f5c291a87f7447a65212,2026-03-26 23:56:23.433372,9999-12-31 00:00:00,2026-03-26 23:56:23.433372,2026-03-26 23:56:23.433372,u8537748
137,A7675,"LIDO SECURITIES, LLC",TX,Broker Dealer,dd755ecec869a4bd1bd0695e88fe4f50,2026-03-26 23:56:23.433372,9999-12-31 00:00:00,2026-03-26 23:56:23.433372,2026-03-26 23:56:23.433372,u8537748
678,A7676,"EURO-AMERICAN EQUITIES, INC.",WA,Broker Dealer,94267940a27f5387ea7aa3795fb411f2,2026-03-26 23:56:23.433372,9999-12-31 00:00:00,2026-03-26 23:56:23.433372,2026-03-26 23:56:23.433372,u8537748
674,A7677,"Jane Street Execution Services, LLC",NY,Broker Dealer,b027fc11dd7adc651ec2a6832d37e77f,2026-03-26 23:56:23.433372,9999-12-31 00:00:00,2026-03-26 23:56:23.433372,2026-03-26 23:56:23.433372,u8537748
933,A9994,New Firm 5,IL,Broker Dealer,6e8939ec82e1a268bf3cdf954ee8d7bf,2026-03-26 23:57:26.958936,9999-12-31 00:00:00,2026-03-26 23:57:26.958936,2026-03-26 23:57:26.958936,u8537748
932,A9995,New Firm 4,FL,Broker Dealer,5d3914e004d0d41008759bcc32628b36,2026-03-26 23:57:26.958936,9999-12-31 00:00:00,2026-03-26 23:57:26.958936,2026-03-26 23:57:26.958936,u8537748
931,A9996,New Firm 3,TX,Broker Dealer/Municipal Advisor,55f108882154e6a59de037680dcff06d,2026-03-26 23:57:26.958936,9999-12-31 00:00:00,2026-03-26 23:57:26.958936,2026-03-26 23:57:26.958936,u8537748
930,A9997,New Firm 2,NY,Broker Dealer,acee1d27bbe32fb74ea42d0bfbc48d60,2026-03-26 23:57:26.958936,9999-12-31 00:00:00,2026-03-26 23:57:26.958936,2026-03-26 23:57:26.958936,u8537748
929,A9998,New Firm 1,CA,Broker Dealer,af2e7afe856466cd5ace970c7e74237b,2026-03-26 23:57:26.958936,9999-12-31 00:00:00,2026-03-26 23:57:26.958936,2026-03-26 23:57:26.958936,u8537748
727,B0019,"Bank of America, NA  / MSD",NY,Bank Dealer,c6f557c8872e85d9ac8b674f5e04a62c,2026-03-26 23:56:23.433372,9999-12-31 00:00:00,2026-03-26 23:56:23.433372,2026-03-26 23:56:23.433372,u8537748
623,B0027,"BOKF, NA",OK,Bank Dealer,ccc87fa116a1372b80b164632dc7568f,2026-03-26 23:56:23.433372,9999-12-31 00:00:00,2026-03-26 23:56:23.433372,2026-03-26 23:56:23.433372,u8537748
807,B0069,Commerce Bank,MO,Bank Dealer,0acf389f865cfb6015093842b0ac6c1a,2026-03-26 23:56:23.433372,9999-12-31 00:00:00,2026-03-26 23:56:23.433372,2026-03-26 23:56:23.433372,u8537748
409,B0144,FHN Financial Capital Markets,TN,Bank Dealer,dd0d1ea835fa89453f302fee92be0354,2026-03-26 23:56:23.433372,9999-12-31 00:00:00,2026-03-26 23:56:23.433372,2026-03-26 23:56:23.433372,u8537748
577,B0171,United Bankers' Bank,MN,Bank Dealer,b477cf77e61e44cbdccd00ab3da73094,2026-03-26 23:56:23.433372,9999-12-31 00:00:00,2026-03-26 23:56:23.433372,2026-03-26 23:56:23.433372,u8537748
287,B0270,"TIB, N.A.",TX,Bank Dealer,22202a3366457705453f0c3ef7f1faa4,2026-03-26 23:56:23.433372,9999-12-31 00:00:00,2026-03-26 23:56:23.433372,2026-03-26 23:56:23.433372,u8537748
264,B0286,"UMB Bank, n.a.",MO,Bank Dealer,11ba7cac8ce788fb1b5f5b582b9030c8,2026-03-26 23:56:23.433372,9999-12-31 00:00:00,2026-03-26 23:56:23.433372,2026-03-26 23:56:23.433372,u8537748
825,B0300,"Zions Bancorporation, N.A /MSD",UT,Bank Dealer/Municipal Advisor,99dde2807eabc59844243c46d31f29ba,2026-03-26 23:56:23.433372,9999-12-31 00:00:00,2026-03-26 23:56:23.433372,2026-03-26 23:56:23.433372,u8537748
739,B0358,Frost Bank Capital Markets,TX,Bank Dealer/Municipal Advisor,e9656fe7d45e42e54c8dbdb2699c1cd8,2026-03-26 23:56:23.433372,9999-12-31 00:00:00,2026-03-26 23:56:23.433372,2026-03-26 23:56:23.433372,u8537748
161,B0360,First National Bankers Bank,LA,Bank Dealer,199f32185ca56d785d19a009ccc25f1f,2026-03-26 23:56:23.433372,9999-12-31 00:00:00,2026-03-26 23:56:23.433372,2026-03-26 23:56:23.433372,u8537748
777,B0368,Bankers' Bank Investment Dept.,WI,Bank Dealer,b8d900afce9327c11c7558a57b9213d5,2026-03-26 23:56:23.433372,9999-12-31 00:00:00,2026-03-26 23:56:23.433372,2026-03-26 23:56:23.433372,u8537748
369,B0429,Central Trust Bank,MO,Bank Dealer,7887d31019c132ef0a507c5af39908da,2026-03-26 23:56:23.433372,9999-12-31 00:00:00,2026-03-26 23:56:23.433372,2026-03-26 23:56:23.433372,u8537748
200,B0470,South State Bank NA,GA,Bank Dealer,4c0592b3f3b5c65f83f31b14e965e521,2026-03-26 23:56:23.433372,9999-12-31 00:00:00,2026-03-26 23:56:23.433372,2026-03-26 23:56:23.433372,u8537748
796,B0474,"Wells Fargo Bank, N.A. Municipal Finance Group",NC,Bank Dealer,586049a293744fa06f8a93019add4bd7,2026-03-26 23:56:23.433372,9999-12-31 00:00:00,2026-03-26 23:56:23.433372,2026-03-26 23:56:23.433372,u8537748
311,B0475,U.S. Bank Municipal Products Group,NY,Bank Dealer,acc5c2d2a2dc8b9c27c246fde1096afd,2026-03-26 23:56:23.433372,9999-12-31 00:00:00,2026-03-26 23:56:23.433372,2026-03-26 23:56:23.433372,u8537748
799,B0510,Bryant Bank Capital Markets Division,AL,Bank Dealer,88f50cacd3152c9a043b7138747e5fec,2026-03-26 23:56:23.433372,9999-12-31 00:00:00,2026-03-26 23:56:23.433372,2026-03-26 23:56:23.433372,u8537748
377,K0403,"JPMorgan Distribution Services, Inc.",OH,Broker Dealer,a4519cb0e217fe5575ed4316f2046f5b,2026-03-26 23:56:23.433372,9999-12-31 00:00:00,2026-03-26 23:56:23.433372,2026-03-26 23:56:23.433372,u8537748
434,K0478,J.P. Morgan Institutional Investments Inc.,NY,Broker Dealer,a3b8403394d637e6fcf02afb91d65e73,2026-03-26 23:56:23.433372,9999-12-31 00:00:00,2026-03-26 23:56:23.433372,2026-03-26 23:56:23.433372,u8537748
